Date/Time,Environment:Site Outdoor Air Drybulb Temperature [C](TimeStep),ZSF1:Zone Air System Sensible Heating Rate [W](TimeStep),ZSF1:Zone Air System Sensible Cooling Rate [W](TimeStep),ZSF1:Zone Air Temperature [C](TimeStep),ZSF1:Zone Air Humidity Ratio [](TimeStep),ZNF1:Zone Air System Sensible Heating Rate [W](TimeStep),ZNF1:Zone Air System Sensible Cooling Rate [W](TimeStep),ZNF1:Zone Air Temperature [C](TimeStep),ZNF1:Zone Air Humidity Ratio [](TimeStep),ZSF2:Zone Air System Sensible Heating Rate [W](TimeStep),ZSF2:Zone Air System Sensible Cooling Rate [W](TimeStep),ZSF2:Zone Air Temperature [C](TimeStep),ZSF2:Zone Air Humidity Ratio [](TimeStep),ZNF2:Zone Air System Sensible Heating Rate [W](TimeStep),ZNF2:Zone Air System Sensible Cooling Rate [W](TimeStep),ZNF2:Zone Air Temperature [C](TimeStep),ZNF2:Zone Air Humidity Ratio [](TimeStep),BASE-1:Zone Air System Sensible Heating Rate [W](TimeStep),BASE-1:Zone Air System Sensible Cooling Rate [W](TimeStep),BASE-1:Zone Air Humidity Ratio [](TimeStep),DX COOLING COIL SYSTEM 1:Coil System Part Load Ratio [](TimeStep),DX COOLING COIL SYSTEM 2:Coil System Part Load Ratio [](TimeStep),DX COOLING COIL SYSTEM 3:Coil System Part Load Ratio [](TimeStep),DX COOLING COIL SYSTEM 4:Coil System Part Load Ratio [](TimeStep),ACDXCOIL 1:Cooling Coil Total Cooling Rate [W](TimeStep),ACDXCOIL 1:Cooling Coil Sensible Cooling Rate [W](TimeStep),ACDXCOIL 1:Cooling Coil Electric Power [W](TimeStep),ACDXCOIL 2:Cooling Coil Total Cooling Rate [W](TimeStep),ACDXCOIL 2:Cooling Coil Sensible Cooling Rate [W](TimeStep),ACDXCOIL 2:Cooling Coil Electric Power [W](TimeStep),ACDXCOIL 3:Cooling Coil Total Cooling Rate [W](TimeStep),ACDXCOIL 3:Cooling Coil Sensible Cooling Rate [W](TimeStep),ACDXCOIL 3:Cooling Coil Electric Power [W](TimeStep),ACDXCOIL 4:Cooling Coil Total Cooling Rate [W](TimeStep),ACDXCOIL 4:Cooling Coil Sensible Cooling Rate [W](TimeStep),ACDXCOIL 4:Cooling Coil Electric Power [W](TimeStep),MAIN HEATING COIL 1:Heating Coil Air Heating Rate [W](TimeStep),MAIN HEATING COIL 1:Heating Coil Electric Power [W](TimeStep),MAIN HEATING COIL 2:Heating Coil Air Heating Rate [W](TimeStep),MAIN HEATING COIL 2:Heating Coil Electric Power [W](TimeStep),MAIN HEATING COIL 3:Heating Coil Air Heating Rate [W](TimeStep),MAIN HEATING COIL 3:Heating Coil Electric Power [W](TimeStep),MAIN HEATING COIL 4:Heating Coil Air Heating Rate [W](TimeStep),MAIN HEATING COIL 4:Heating Coil Electric Power [W](TimeStep),SUPPLY FAN 1:Fan Electric Power [W](TimeStep),SUPPLY FAN 2:Fan Electric Power [W](TimeStep),SUPPLY FAN 3:Fan Electric Power [W](TimeStep),SUPPLY FAN 4:Fan Electric Power [W](TimeStep),TSETCOO:Schedule Value [](TimeStep),TSETHEA:Schedule Value [](TimeStep),Cooling:Electricity [J](Monthly),Heating:Gas [J](Monthly),Fans:Electricity [J](Monthly),HeatingCoils:EnergyTransfer [J](Monthly),CoolingCoils:EnergyTransfer [J](Monthly),InteriorLights:Electricity [J](Monthly),InteriorEquipment:Electricity [J](Monthly),Cooling:Electricity [J](RunPeriod),Heating:Gas [J](RunPeriod),Fans:Electricity [J](RunPeriod),HeatingCoils:EnergyTransfer [J](RunPeriod),CoolingCoils:EnergyTransfer [J](RunPeriod),InteriorLights:Electricity [J](RunPeriod),InteriorEquipment:Electricity [J](RunPeriod) 
 06/01  00:15:00,14.5,0.0,0.0,23.391242772491,6.494615618730251E-003,0.0,0.0,23.3860933535838,6.494994466564816E-003,0.0,0.0,23.788874883819,6.487791805039442E-003,0.0,0.0,23.8180194476645,6.487190043154591E-003,0.0,0.0,6.879841341999534E-003,0.0,0.0,0.0,0.0,0.0,0.0,0.0,0.0,0.0,0.0,0.0,0.0,0.0,0.0,0.0,0.0,0.0,0.0,0.0,0.0,0.0,0.0,0.0,0.0,0.0,0.0,0.0,0.0,0.0,0.0 
 06/01  00:30:00,15.7,0.0,0.0,23.4460902200215,6.595878308779347E-003,0.0,0.0,23.4406290147303,6.596232756427212E-003,0.0,0.0,23.8168551175242,6.590427541915547E-003,0.0,0.0,23.8435809866213,6.589923258105533E-003,0.0,0.0,7.264104528228798E-003,0.0,0.0,0.0,0.0,0.0,0.0,0.0,0.0,0.0,0.0,0.0,0.0,0.0,0.0,0.0,0.0,0.0,0.0,0.0,0.0,0.0,0.0,0.0,0.0,0.0,0.0,0.0,0.0,25.,20. 
 06/01  00:45:00,16.9,0.0,0.0,23.5357419475054,6.871843552093112E-003,0.0,0.0,23.5297898400069,6.872114554198888E-003,0.0,0.0,23.8655494116706,6.870237584958675E-003,0.0,0.0,23.888262800248,6.870008049882593E-003,0.0,0.0,8.136197956030133E-003,0.0,0.0,0.0,0.0,0.0,0.0,0.0,0.0,0.0,0.0,0.0,0.0,0.0,0.0,0.0,0.0,0.0,0.0,0.0,0.0,0.0,0.0,0.0,0.0,0.0,0.0,0.0,0.0,30.,16. 
 06/01  01:00:00,18.1,0.0,0.0,23.6376724714501,7.235021175341944E-003,0.0,0.0,23.6314152230449,7.235196498214806E-003,0.0,0.0,23.9486375632893,7.237617887489695E-003,0.0,0.0,23.9685164570232,7.237671024482039E-003,0.0,0.0,9.143293824657110E-003,0.0,0.0,0.0,0.0,0.0,0.0,0.0,0.0,0.0,0.0,0.0,0.0,0.0,0.0,0.0,0.0,0.0,0.0,0.0,0.0,0.0,0.0,0.0,0.0,0.0,0.0,0.0,0.0,30.,16. 
 06/01  01:15:00,18.125,0.0,0.0,23.702274980268,7.621938466435971E-003,0.0,0.0,23.6958346651947,7.622019662332811E-003,0.0,0.0,24.004399673513,7.628422277650925E-003,0.0,0.0,24.021880582445,7.628720725519952E-003,0.0,0.0,9.995417327365790E-003,0.0,0.0,0.0,0.0,0.0,0.0,0.0,0.0,0.0,0.0,0.0,0.0,0.0,0.0,0.0,0.0,0.0,0.0,0.0,0.0,0.0,0.0,0.0,0.0,0.0,0.0,0.0,0.0,30.,16. 
 06/01  01:30:00,18.15,0.0,0.0,23.7276753800371,7.993949289330527E-003,0.0,0.0,23.7211153960242,7.993946551874898E-003,0.0,0.0,24.0267035937505,8.003676084365426E-003,0.0,0.0,24.0422101712908,8.004162764887140E-003,0.0,0.0,1.058670310390059E-002,0.0,0.0,0.0,0.0,0.0,0.0,0.0,0.0,0.0,0.0,0.0,0.0,0.0,0.0,0.0,0.0,0.0,0.0,0.0,0.0,0.0,0.0,0.0,0.0,0.0,0.0,0.0,0.0,30.,16. 
 06/01  01:45:00,18.175,0.0,0.0,23.7355547078211,8.339430491363525E-003,0.0,0.0,23.7289115031102,8.339356126329090E-003,0.0,0.0,24.0347291104804,8.351744637542794E-003,0.0,0.0,24.048561613322,8.352363307942170E-003,0.0,0.0,1.096449704102100E-002,0.0,0.0,0.0,0.0,0.0,0.0,0.0,0.0,0.0,0.0,0.0,0.0,0.0,0.0,0.0,0.0,0.0,0.0,0.0,0.0,0.0,0.0,0.0,0.0,0.0,0.0,0.0,0.0,30.,16. 
 06/01  02:00:00,18.2,0.0,0.0,23.7376572892329,8.659375460739391E-003,0.0,0.0,23.7309597286111,8.659240880131303E-003,0.0,0.0,24.038531420822,8.673739789497082E-003,0.0,0.0,24.0508961380333,8.674444921120487E-003,0.0,0.0,1.121537402432909E-002,0.0,0.0,0.0,0.0,0.0,0.0,0.0,0.0,0.0,0.0,0.0,0.0,0.0,0.0,0.0,0.0,0.0,0.0,0.0,0.0,0.0,0.0,0.0,0.0,0.0,0.0,0.0,0.0,30.,16. 
 06/01  02:15:00,18.2,0.0,0.0,23.735178546787,8.945954225522846E-003,0.0,0.0,23.7284573522753,8.945771819538062E-003,0.0,0.0,24.0382028974762,8.961830001393535E-003,0.0,0.0,24.0492719305473,8.962582833060048E-003,0.0,0.0,1.135358896103447E-002,0.0,0.0,0.0,0.0,0.0,0.0,0.0,0.0,0.0,0.0,0.0,0.0,0.0,0.0,0.0,0.0,0.0,0.0,0.0,0.0,0.0,0.0,0.0,0.0,0.0,0.0,0.0,0.0,30.,16. 
 06/01  02:30:00,18.2,0.0,0.0,23.7286154980493,9.196021990186499E-003,0.0,0.0,23.721884610914,9.195803983254883E-003,0.0,0.0,24.0338786575232,9.212898559267695E-003,0.0,0.0,24.0438093913198,9.213668085820701E-003,0.0,0.0,1.139957002318434E-002,0.0,0.0,0.0,0.0,0.0,0.0,0.0,0.0,0.0,0.0,0.0,0.0,0.0,0.0,0.0,0.0,0.0,0.0,0.0,0.0,0.0,0.0,0.0,0.0,0.0,0.0,0.0,0.0,30.,16. 
 06/01  02:45:00,18.2,0.0,0.0,23.7185913281356,9.410958114659302E-003,0.0,0.0,23.7118555164711,9.410715460288824E-003,0.0,0.0,24.0258909641109,9.428387685722855E-003,0.0,0.0,24.0348174408221,9.429150863629013E-003,0.0,0.0,1.138233915116670E-002,0.0,0.0,0.0,0.0,0.0,0.0,0.0,0.0,0.0,0.0,0.0,0.0,0.0,0.0,0.0,0.0,0.0,0.0,0.0,0.0,0.0,0.0,0.0,0.0,0.0,0.0,0.0,0.0,30.,16. 
 06/01  03:00:00,18.2,0.0,0.0,23.705740485903,9.593999642506287E-003,0.0,0.0,23.6990027255117,9.593741609540973E-003,0.0,0.0,24.0146024392673,9.611607414961542E-003,0.0,0.0,24.0226351931454,9.612348088440636E-003,0.0,0.0,1.132769412243479E-002,0.0,0.0,0.0,0.0,0.0,0.0,0.0,0.0,0.0,0.0,0.0,0.0,0.0,0.0,0.0,0.0,0.0,0.0,0.0,0.0,0.0,0.0,0.0,0.0,0.0,0.0,0.0,0.0,30.,16. 
 06/01  03:15:00,18.225,0.0,0.0,23.6916282828949,9.749298525069344E-003,0.0,0.0,23.6848900561889,9.749032573402656E-003,0.0,0.0,24.001412937033,9.766786130169652E-003,0.0,0.0,24.0086413963248,9.767493730557516E-003,0.0,0.0,1.125620040095856E-002,0.0,0.0,0.0,0.0,0.0,0.0,0.0,0.0,0.0,0.0,0.0,0.0,0.0,0.0,0.0,0.0,0.0,0.0,0.0,0.0,0.0,0.0,0.0,0.0,0.0,0.0,0.0,0.0,30.,16. 
 06/01  03:30:00,18.25,0.0,0.0,23.676393932083,9.880292235445327E-003,0.0,0.0,23.6696561805749,9.880024336457226E-003,0.0,0.0,23.9863261747823,9.897422755167071E-003,0.0,0.0,23.9928082199331,9.898090730626967E-003,0.0,0.0,1.117812996381915E-002,0.0,0.0,0.0,0.0,0.0,0.0,0.0,0.0,0.0,0.0,0.0,0.0,0.0,0.0,0.0,0.0,0.0,0.0,0.0,0.0,0.0,0.0,0.0,0.0,0.0,0.0,0.0,0.0,30.,16. 
 06/01  03:45:00,18.275,0.0,0.0,23.6602998184342,9.989646027695604E-003,0.0,0.0,23.6535636340537,9.989380988308929E-003,0.0,0.0,23.9696109028458,1.000623012642497E-002,0.0,0.0,23.9754089406192,1.000685471574343E-002,0.0,0.0,1.109708871156721E-002,0.0,0.0,0.0,0.0,0.0,0.0,0.0,0.0,0.0,0.0,0.0,0.0,0.0,0.0,0.0,0.0,0.0,0.0,0.0,0.0,0.0,0.0,0.0,0.0,0.0,0.0,0.0,0.0,30.,16. 
 06/01  04:00:00,18.3,0.0,0.0,23.6435522173626,1.007953967977732E-002,0.0,0.0,23.6368182360266,1.007928137084020E-002,0.0,0.0,23.9515515859208,1.009542678603973E-002,0.0,0.0,23.956725692802,1.009600623178965E-002,0.0,0.0,1.101403195155030E-002,0.0,0.0,0.0,0.0,0.0,0.0,0.0,0.0,0.0,0.0,0.0,0.0,0.0,0.0,0.0,0.0,0.0,0.0,0.0,0.0,0.0,0.0,0.0,0.0,0.0,0.0,0.0,0.0,30.,16. 
 06/01  04:15:00,18.175,0.0,0.0,23.6198951858072,1.015197509887896E-002,0.0,0.0,23.6131722955394,1.015172668708775E-002,0.0,0.0,23.9257357865898,1.016704339049756E-002,0.0,0.0,23.9303500185061,1.016757726340480E-002,0.0,0.0,1.092884225098999E-002,0.0,0.0,0.0,0.0,0.0,0.0,0.0,0.0,0.0,0.0,0.0,0.0,0.0,0.0,0.0,0.0,0.0,0.0,0.0,0.0,0.0,0.0,0.0,0.0,0.0,0.0,0.0,0.0,30.,16. 
 06/01  04:30:00,18.05,0.0,0.0,23.6001724033145,1.020868698943877E-002,0.0,0.0,23.5946822694566,1.020845111450288E-002,0.0,0.0,23.9046245912462,1.022284227135705E-002,0.0,0.0,23.9101123757347,1.022333130656183E-002,0.0,0.0,1.084198982718100E-002,0.0,0.0,0.0,0.0,0.0,0.0,0.0,0.0,0.0,0.0,0.0,0.0,0.0,0.0,0.0,0.0,0.0,0.0,0.0,0.0,0.0,0.0,0.0,0.0,0.0,0.0,0.0,0.0,30.,16. 
 06/01  04:45:00,17.925,0.0,0.0,23.5856515058233,1.025120675017635E-002,0.0,0.0,23.5818060884281,1.025098617683605E-002,0.0,0.0,23.890457530612,1.026438219604434E-002,0.0,0.0,23.8976235026135,1.026482872587283E-002,0.0,0.0,1.075427377051122E-002,0.0,0.0,0.0,0.0,0.0,0.0,0.0,0.0,0.0,0.0,0.0,0.0,0.0,0.0,0.0,0.0,0.0,0.0,0.0,0.0,0.0,0.0,0.0,0.0,0.0,0.0,0.0,0.0,30.,16. 
 06/01  05:00:00,17.8,0.0,0.0,23.5738939110981,1.028091298316429E-002,0.0,0.0,23.5712413341784,1.028070992178408E-002,0.0,0.0,23.8807882507231,1.029306654219698E-002,0.0,0.0,23.8891673845769,1.029347351949756E-002,0.0,0.0,1.066637532855352E-002,0.0,0.0,0.0,0.0,0.0,0.0,0.0,0.0,0.0,0.0,0.0,0.0,0.0,0.0,0.0,0.0,0.0,0.0,0.0,0.0,0.0,0.0,0.0,0.0,0.0,0.0,0.0,0.0,30.,16. 
 06/01  05:15:00,17.375,0.0,0.0,23.5506428192512,1.028831926961189E-002,0.0,0.0,23.548374675855,1.028813560462684E-002,0.0,0.0,23.8605035429652,1.029931169684349E-002,0.0,0.0,23.8692180874939,1.029967838240320E-002,0.0,0.0,1.053263635156328E-002,0.0,0.0,0.0,0.0,0.0,0.0,0.0,0.0,0.0,0.0,0.0,0.0,0.0,0.0,0.0,0.0,0.0,0.0,0.0,0.0,0.0,0.0,0.0,0.0,0.0,0.0,0.0,0.0,30.,16. 
 06/01  05:30:00,16.95,0.0,0.0,23.5161466054501,1.026867099813930E-002,0.0,0.0,23.5138921021373,1.026850756254538E-002,0.0,0.0,23.8290653445123,1.027832701148304E-002,0.0,0.0,23.83766009662,1.027865034378785E-002,0.0,0.0,1.034230746957521E-002,0.0,0.0,0.0,0.0,0.0,0.0,0.0,0.0,0.0,0.0,0.0,0.0,0.0,0.0,0.0,0.0,0.0,0.0,0.0,0.0,0.0,0.0,0.0,0.0,0.0,0.0,0.0,0.0,30.,16. 
 06/01  05:45:00,16.525,0.0,0.0,23.479291559606,1.022227065615190E-002,0.0,0.0,23.4774177573246,1.022212748251755E-002,0.0,0.0,23.7953431546347,1.023043899030599E-002,0.0,0.0,23.804148431797,1.023071603378576E-002,0.0,0.0,1.011115007706843E-002,0.0,0.0,0.0,0.0,0.0,0.0,0.0,0.0,0.0,0.0,0.0,0.0,0.0,0.0,0.0,0.0,0.0,0.0,0.0,0.0,0.0,0.0,0.0,0.0,0.0,0.0,0.0,0.0,30.,16. 
 06/01  06:00:00,16.1,0.0,0.0,23.442734571782,1.015169385402920E-002,0.0,0.0,23.4415627138638,1.015156999321961E-002,0.0,0.0,23.7621208652095,1.015827050044505E-002,0.0,0.0,23.7714841773666,1.015849911344412E-002,0.0,0.0,9.859456302244992E-003,0.0,0.0,0.0,0.0,0.0,0.0,0.0,0.0,0.0,0.0,0.0,0.0,0.0,0.0,0.0,0.0,0.0,0.0,0.0,0.0,0.0,0.0,0.0,0.0,0.0,0.0,0.0,0.0,30.,16. 
 06/01  06:15:00,15.975,0.0,0.0,23.4195167212206,1.006558981883343E-002,0.0,0.0,23.4189586533082,1.006548283952172E-002,0.0,0.0,23.7428722298344,1.007057432811840E-002,0.0,0.0,23.7527082496039,1.007075438301913E-002,0.0,0.0,9.623931892683025E-003,0.0,0.0,0.0,0.0,0.0,0.0,0.0,0.0,0.0,0.0,0.0,0.0,0.0,0.0,0.0,0.0,0.0,0.0,0.0,0.0,0.0,0.0,0.0,0.0,0.0,0.0,0.0,0.0,30.,16. 
 06/01  06:30:00,15.85,0.0,0.0,23.4084917928297,9.969670417942156E-003,0.0,0.0,23.4082851022965,9.969577263068878E-003,0.0,0.0,23.7369800404022,9.973122172648979E-003,0.0,0.0,23.7469931018662,9.973254865915366E-003,0.0,0.0,9.416046170670263E-003,0.0,0.0,0.0,0.0,0.0,0.0,0.0,0.0,0.0,0.0,0.0,0.0,0.0,0.0,0.0,0.0,0.0,0.0,0.0,0.0,0.0,0.0,0.0,0.0,0.0,0.0,0.0,0.0,30.,16. 
 06/01  06:45:00,15.725,0.0,0.0,23.4576897802876,9.866509360301215E-003,0.0,0.0,23.4623988386665,9.866426446706485E-003,0.0,0.0,23.8011191390071,9.868504114251178E-003,0.0,0.0,23.8160430687179,9.868590677513778E-003,0.0,0.0,9.230096557867664E-003,0.0,0.0,0.0,0.0,0.0,0.0,0.0,0.0,0.0,0.0,0.0,0.0,0.0,0.0,0.0,0.0,0.0,0.0,0.0,0.0,0.0,0.0,0.0,0.0,0.0,0.0,0.0,0.0,22.,20. 
 06/01  07:00:00,15.6,0.0,0.0,23.5602328573362,9.757075208476415E-003,0.0,0.0,23.5700187925251,9.756991307506149E-003,0.0,0.0,23.9340415249308,9.757669248564731E-003,0.0,0.0,23.9541119547387,9.757702881451237E-003,0.0,0.0,9.056976021501982E-003,0.0,0.0,0.0,0.0,0.0,0.0,0.0,0.0,0.0,0.0,0.0,0.0,0.0,0.0,0.0,0.0,0.0,0.0,0.0,0.0,0.0,0.0,0.0,0.0,0.0,0.0,0.0,0.0,22.,20. 
 06/01  07:15:00,15.875,0.0,3759.47616901286,22.0953520858004,9.267527541638218E-003,0.0,3746.99882405048,22.1168107451101,9.269442608950875E-003,0.0,4519.98397991533,22.1627654743056,9.212605651784677E-003,0.0,4506.19861528019,22.1971557885709,9.215712530704951E-003,0.0,0.0,9.084593798027143E-003,0.4249506891106,0.443781885726518,0.45858247006241,0.476820980180308,6176.87533643677,4543.45605303383,1670.09918904375,6085.10747066639,4473.34586158323,1644.67141453402,7431.90518523145,5529.99610592463,2005.61437403108,7333.80389803531,5455.36349590611,1980.39148186445,0.0,0.0,0.0,0.0,0.0,0.0,0.0,0.0,608.571428571428,574.285714285714,677.142857142857,642.857142857143,22.,20. 
 06/01  07:30:00,16.15,0.0,2404.72839385448,22.0104077940939,9.042234250081112E-003,0.0,2418.43142671732,22.012128632647,9.040251142225727E-003,0.0,2839.6819722979,22.0200124282265,8.959484240084747E-003,0.0,2862.85179526591,22.0231592243726,8.957025388377815E-003,0.0,0.0,9.101858894599815E-003,0.26927209565294,0.283858362679681,0.285705231588615,0.300757781575235,3847.18301646397,2823.49394894964,1089.06954982424,3827.15114268722,2808.55345025073,1080.26330520252,4539.25032558593,3359.59603929399,1280.35931964371,4536.93736305845,3358.89601321921,1275.76045897424,0.0,0.0,0.0,0.0,0.0,0.0,0.0,0.0,608.571428571429,574.285714285714,677.142857142857,642.857142857143,22.,20. 
 06/01  07:45:00,16.425,0.0,2782.27371751698,22.0007109759101,8.743185464247278E-003,0.0,2763.58541375149,22.0007482189221,8.737885312180345E-003,0.0,3182.99880922311,22.0017929273602,8.640959600626207E-003,0.0,3155.02026913781,22.0019182388691,8.634841730873909E-003,0.0,0.0,9.107824360323305E-003,0.297453979657527,0.310101887249905,0.30463224669223,0.315525509512802,4217.22812134502,3176.1629269107,1191.40211606724,4147.92826296769,3123.25292835648,1169.31737025672,4796.51980516007,3647.56497162771,1353.17224105153,4715.20844779814,3585.57287054338,1327.78171638886,0.0,0.0,0.0,0.0,0.0,0.0,0.0,0.0,608.571428571429,574.285714285714,677.142857142857,642.857142857143,22.,20. 
 06/01  08:00:00,16.7,0.0,2702.3623348149,21.9997652181651,8.464453998133514E-003,0.0,2679.07303494959,21.9997324003783,8.455061298988995E-003,0.0,3062.08276723542,22.0000680062647,8.357038531883555E-003,0.0,3029.12910792142,22.0000539904493,8.347527147106907E-003,0.0,0.0,9.108481457315947E-003,0.287154976252139,0.298749938541538,0.291297402359202,0.301056970708531,4053.87850663887,3106.03621889804,1146.74679076295,3978.94632850696,3048.41009426317,1123.33039335562,4565.64680329139,3534.89852998512,1290.30845164789,4478.29762498109,3467.65222365032,1263.51695614049,0.0,0.0,0.0,0.0,0.0,0.0,0.0,0.0,608.571428571429,574.285714285714,677.142857142857,642.857142857143,22.,20. 
 06/01  08:15:00,17.25,0.0,4276.16861273908,21.9996934892989,8.153701829366087E-003,0.0,4215.17341812064,21.9996521728197,8.141321426407066E-003,0.0,4763.61403270007,21.9997967934503,8.047590876982766E-003,0.0,4680.55792545966,21.9997632061263,8.036609302852936E-003,0.0,0.0,9.107814979816086E-003,0.425718774070449,0.441987422701831,0.424296452091939,0.436923058763816,5970.85338473746,4697.93094992052,1649.40391741731,5847.90431660169,4602.56788062524,1611.07322719821,6605.4821785876,5253.86513817329,1824.60620517751,6455.25658579289,5136.49364210864,1779.35187974817,0.0,0.0,0.0,0.0,0.0,0.0,0.0,0.0,608.571428571429,574.285714285714,677.142857142857,642.857142857143,22.,20. 
 06/01  08:30:00,17.8,0.0,4563.9594134083,21.999318763834,7.856063449545663E-003,0.0,4449.43049224364,21.9992696890607,7.843818702329546E-003,0.0,5168.68039046062,21.9993608980463,7.750507182778436E-003,0.0,5019.00713129184,21.9993228545838,7.741320895483112E-003,0.0,0.0,9.107271385590240E-003,0.443886789376912,0.456318989200321,0.448866636960286,0.457428850893501,6179.95879981017,5007.27830665353,1700.5256162691,5992.96432179527,4858.47247947625,1645.63935537853,6936.36797230459,5680.28360451648,1906.46855312604,6708.22778509825,5496.38824812134,1841.10311583859,0.0,0.0,0.0,0.0,0.0,0.0,0.0,0.0,608.571428571429,574.285714285714,677.142857142857,642.857142857143,22.,20. 
 06/01  08:45:00,18.35,0.0,4738.57468449075,21.9993087449848,7.601036584380851E-003,0.0,4561.35940296557,21.9992819663727,7.592490651629418E-003,0.0,5425.58678099545,21.9993091336417,7.494831845325779E-003,0.0,5199.90929847967,21.9992924678729,7.490642472134749E-003,0.0,0.0,9.107046639719223E-003,0.452659418593134,0.460099077373048,0.462147989032028,0.465545729224303,6234.22924560385,5203.21292876357,1719.22575494029,5977.74514081426,4991.81187578055,1646.41616940368,7064.21378803476,5958.44736485515,1944.41251182187,6753.74826801591,5698.64223609714,1857.86049281104,0.0,0.0,0.0,0.0,0.0,0.0,0.0,0.0,608.571428571429,574.285714285714,677.142857142857,642.857142857143,22.,20. 
 06/01  09:00:00,18.9,0.0,4892.80218550842,21.9993718332128,7.392117903617599E-003,0.0,4648.03180868778,21.9993670109095,7.389882747377665E-003,0.0,5639.33960734728,21.9993566933862,7.285723357022737E-003,0.0,5332.56352453447,21.9993609217817,7.288613031793172E-003,0.0,0.0,9.107002454933275E-003,0.461110915690663,0.4633066085818,0.473413654380505,0.471338759336071,6274.69161567509,5379.01611138795,1739.71376769119,5948.15910277527,5100.12971757259,1648.54172041748,7149.19851639711,6193.79407389949,1977.5230906254,6756.37775302624,5852.95795005834,1869.47063066783,0.0,0.0,0.0,0.0,0.0,0.0,0.0,0.0,608.571428571429,574.285714285714,677.142857142857,642.857142857143,22.,20. 
 06/01  09:15:00,19.175,0.0,5074.29241049312,21.9994284794078,7.243709512415957E-003,0.0,4747.47146444877,21.9994401985295,7.250127088542219E-003,0.0,5870.20092799327,21.9994117330987,7.137204181892227E-003,0.0,5466.07353581978,21.9994314705916,7.149006106848006E-003,0.0,0.0,9.107015200227856E-003,0.472557102006361,0.468579939655851,0.486618681953679,0.478057542097694,6383.30235524885,5571.52361297555,1772.51093248553,5973.09208499181,5210.64395426629,1659.67903135576,7293.75274468824,6435.72368049977,2019.96648044025,6803.11154512217,5997.58848775317,1886.74183587177,0.0,0.0,0.0,0.0,0.0,0.0,0.0,0.0,608.571428571429,574.285714285714,677.142857142857,642.857142857143,22.,20. 
 06/01  09:30:00,19.45,0.0,5198.98599643913,21.9994619970476,7.140367269568472E-003,0.0,4782.05434510843,21.999489795257,7.157218158388629E-003,0.0,6034.38047308311,21.999442079782,7.033650619883075E-003,0.0,5523.30152608354,21.9994769726366,7.055718899341902E-003,0.0,0.0,9.107031344467307E-003,0.480874938644444,0.469878107426106,0.496492885716884,0.480553887110061,6457.77996024948,5707.22784075678,1797.38013130475,5956.39571422662,5256.27059702483,1660.8589631001,7397.42706183135,6610.9755146747,2052.94155451822,6799.79996361366,6065.91473968767,1892.07797555144,0.0,0.0,0.0,0.0,0.0,0.0,0.0,0.0,608.571428571429,574.285714285714,677.142857142857,642.857142857143,22.,20. 
 06/01  09:45:00,19.725,0.0,5277.09370561581,21.9995080447942,7.070779095368573E-003,0.0,4771.94694002105,21.9995481665079,7.099132408877001E-003,0.0,6140.13997328489,21.9994865152795,6.963816191400810E-003,0.0,5524.38531900089,21.9995328081236,6.996881748457673E-003,0.0,0.0,9.107039300747943E-003,0.486610555843455,0.468615560013948,0.503344821029236,0.480040768989915,6504.11240297233,5796.28958189194,1815.70990667632,5914.43393190132,5257.13134496173,1656.05270101249,7463.36798125461,6727.73997982174,2077.09533218684,6761.92724778413,6078.00984225253,1889.18007123143,0.0,0.0,0.0,0.0,0.0,0.0,0.0,0.0,608.571428571429,574.285714285714,677.142857142857,642.857142857143,22.,20. 
 06/01  10:00:00,20.,0.0,5337.66918663505,21.9995678118451,7.028681405743581E-003,0.0,4743.65800139575,21.9996155360129,7.069264544885916E-003,0.0,6220.95996972091,21.9995466807266,6.921380180897841E-003,0.0,5499.94607599767,21.9995995708012,6.965911316939125E-003,0.0,0.0,9.107041428519357E-003,0.491929287520159,0.466811579678352,0.509411079724504,0.47860112236998,6549.99970673988,5867.77712273982,1834.48391478815,5871.17647503574,5239.75688913351,1651.26819094177,7523.44382645253,6819.51481353477,2100.41697194079,6717.23169976762,6064.52043818458,1884.96309828605,0.0,0.0,0.0,0.0,0.0,0.0,0.0,0.0,608.571428571429,574.285714285714,677.142857142857,642.857142857143,22.,20. 
 06/01  10:15:00,20.275,0.0,5420.22155139884,21.9996437483247,7.001247838822495E-003,0.0,4742.06222715477,21.9996966904452,7.053803403971442E-003,0.0,6320.73358917687,21.9996231447047,6.894049781695384E-003,0.0,5500.82042333605,21.9996803195362,6.949530015463593E-003,0.0,0.0,9.107041335959234E-003,0.497505171641456,0.465796862356507,0.51551098205447,0.477795363537206,6590.69524573398,5960.86409067098,1851.74666729033,5830.2735974433,5248.71296483827,1646.77058209193,7575.51304209043,6929.84098916663,2121.55310617352,6674.14118060485,6075.9610698701,1880.85700012868,0.0,0.0,0.0,0.0,0.0,0.0,0.0,0.0,608.571428571429,574.285714285714,677.142857142857,642.857142857143,22.,20. 
 06/01  10:30:00,20.55,0.0,5447.1898479422,21.9995693716532,6.968645194356057E-003,0.0,4688.64015689393,21.9996317342238,7.031987132024557E-003,0.0,6360.99530343867,21.9995499354962,6.862768226094147E-003,0.0,5447.32958486079,21.9996169457169,6.927844244994381E-003,0.0,0.0,9.107040890189808E-003,0.498837073828897,0.460590632578114,0.517611664415796,0.473138939262483,6576.94263972034,5998.46266764762,1855.26863433571,5739.173809693,5205.92799125576,1629.27983830201,7570.92071777155,6980.75642111955,2128.53848874182,6579.87289149076,6033.12657760971,1863.59886714873,0.0,0.0,0.0,0.0,0.0,0.0,0.0,0.0,608.571428571429,574.285714285714,677.142857142857,642.857142857143,22.,20. 
 06/01  10:45:00,20.825,0.0,5468.68933826876,21.9995133720968,6.925512093519354E-003,0.0,4641.46306349337,21.9995840731445,6.997631877178656E-003,0.0,6394.37643471265,21.9994948085899,6.822597260572386E-003,0.0,5401.29375943684,21.9995704307212,6.895180083053548E-003,0.0,0.0,9.107040623347469E-003,0.499479814319982,0.455722016714419,0.519001630556172,0.468876425799663,6552.83935284395,6030.4316007737,1856.20331052403,5651.68128754401,5169.23133962581,1612.62188404346,7554.64267523909,7024.61452470129,2132.65414107603,6490.49110305226,5997.57523369465,1847.52230812263,0.0,0.0,0.0,0.0,0.0,0.0,0.0,0.0,608.571428571429,574.285714285714,677.142857142857,642.857142857143,22.,20. 
 06/01  11:00:00,21.1,0.0,5483.84943043194,21.9994826816252,6.873102615890538E-003,0.0,4596.931144334,21.9995583507968,6.951465686681161E-003,0.0,6421.70377193852,21.9994656915164,6.774768609029011E-003,0.0,5360.04294502002,21.9995462178605,6.852299948621478E-003,0.0,0.0,9.107040534587697E-003,0.49920537779982,0.450708563371049,0.519591027456806,0.464640571562348,6514.64106835856,6056.04674627429,1853.49866884684,5560.93576448519,5135.15938183897,1594.95108186423,7524.55892596171,7062.40275915049,2133.26960971765,6399.95354570339,5966.78620238573,1831.00740538462,0.0,0.0,0.0,0.0,0.0,0.0,0.0,0.0,608.571428571429,574.285714285714,677.142857142857,642.857142857143,22.,20. 
 06/01  11:15:00,21.375,0.0,5503.33041409021,21.9994520008533,6.826293275406445E-003,0.0,4563.86606871957,21.9995299212282,6.908953655028527E-003,0.0,6455.4966655174,21.9994370925548,6.733179131043677E-003,0.0,5333.96283931915,21.9995195624126,6.813731446143184E-003,0.0,0.0,9.107040526620994E-003,0.500362086051812,0.44770754453927,0.521674093522859,0.462511937548663,6500.70573008685,6086.24292288553,1857.53764862723,5500.30234653127,5112.78132529398,1585.46333975816,7521.9155627093,7106.92985716706,2141.4865332686,6343.85150772923,5951.40519300477,1823.8312355266,0.0,0.0,0.0,0.0,0.0,0.0,0.0,0.0,608.571428571429,574.285714285714,677.142857142857,642.857142857143,22.,20. 
 06/01  11:30:00,21.65,0.0,5525.47771470303,21.9994786685464,6.789420793825217E-003,0.0,4543.46929285518,21.999554760525,6.874861834657274E-003,0.0,6494.11751400581,21.9994632609011,6.701448903597016E-003,0.0,5324.73996161332,21.9995432937747,6.783534762204389E-003,0.0,0.0,9.107040537689414E-003,0.501893231269282,0.44591479989561,0.524293632065638,0.461811129520721,6492.39069838976,6119.03397225558,1863.24881750392,5455.24796501546,5103.00136452889,1580.17783716046,7527.9082762788,7156.20551501207,2152.21749412865,6308.17414499396,5952.80458133157,1822.17562154514,0.0,0.0,0.0,0.0,0.0,0.0,0.0,0.0,608.571428571429,574.285714285714,677.142857142857,642.857142857143,22.,20. 
 06/01  11:45:00,21.925,0.0,5504.97367547613,21.9995025716432,6.761575132953102E-003,0.0,4505.73839820376,21.9995751894977,6.848359945395338E-003,0.0,6486.4452646625,21.9994862523229,6.678387307092324E-003,0.0,5297.18894123974,21.9995624058893,6.760652724034889E-003,0.0,0.0,9.107040546181446E-003,0.500233561731654,0.442846011422317,0.523837734570835,0.459930259787293,6444.45054247268,6109.20950254741,1858.69236225137,5395.98771522428,5075.91257546281,1571.13847547875,7491.52778816027,7159.22203636331,2152.10918719684,6257.86789172029,5935.90113836486,1816.73174248294,0.0,0.0,0.0,0.0,0.0,0.0,0.0,0.0,608.571428571429,574.285714285714,677.142857142857,642.857142857143,22.,20. 
 06/01  12:00:00,22.2,0.0,5491.62530297982,21.9995221381768,6.740521097970278E-003,0.0,4503.83343711953,21.9995889679267,6.827094929320706E-003,0.0,6484.33827293237,21.9995048766727,6.661780635957252E-003,0.0,5308.5069027424,21.9995751135891,6.742812313629186E-003,0.0,0.0,9.107040549573028E-003,0.499436550454925,0.443107332703886,0.524065577897041,0.46126405266493,6409.23593958802,6106.50140975884,1857.63682338793,5378.4727217818,5084.60644142035,1573.45515362081,7466.60821296492,7167.76199094585,2155.20688059415,6252.49655888425,5957.82208285893,1823.49236756623,0.0,0.0,0.0,0.0,0.0,0.0,0.0,0.0,608.571428571429,574.285714285714,677.142857142857,642.857142857143,22.,20. 
 06/01  12:15:00,22.475,0.0,5480.52789107333,21.9995360622567,6.726318966310102E-003,0.0,4522.65004718531,21.9995952427363,6.811289577401568E-003,0.0,6483.28873350837,21.9995181834075,6.651647178425644E-003,0.0,5345.39237809629,21.9995806003818,6.730207378849254E-003,0.0,0.0,9.107040550187301E-003,0.499225353880908,0.445495395695819,0.524759997031787,0.46488588988588,6383.72986749641,6106.06149059436,1859.33881891145,5388.27782589467,5114.03646571371,1583.37034645428,7450.61129030418,7177.37633143322,2160.89385364226,6279.65131704436,6005.32475188474,1839.27134458319,0.0,0.0,0.0,0.0,0.0,0.0,0.0,0.0,608.571428571429,574.285714285714,677.142857142857,642.857142857143,22.,20. 
 06/01  12:30:00,22.75,0.0,5471.53533295011,21.9995548287221,6.718215873941497E-003,0.0,4554.78364857024,21.9996056000481,6.800470048519570E-003,0.0,6484.94057950915,21.9995360505632,6.647193867080316E-003,0.0,5400.9391622371,21.9995896386373,6.722307018124038E-003,0.0,0.0,9.107040549961551E-003,0.499396197877407,0.449190117320057,0.525861379035587,0.470101462327225,6364.2520596172,6107.69367009419,1862.79530001286,5414.39210166755,5156.7561481503,1597.92686194724,7441.57406970661,7189.65622497093,2168.6238257485,6328.78574897289,6071.45861887333,1861.2626761681,0.0,0.0,0.0,0.0,0.0,0.0,0.0,0.0,608.571428571429,574.285714285714,677.142857142857,642.857142857143,22.,20. 
 06/01  12:45:00,23.025,0.0,4871.47993153671,22.3537587555938,6.730483486370524E-003,0.0,3954.0190837128,22.3562280284881,6.812169453275271E-003,0.0,5911.565798193,22.3490267507756,6.659989485661381E-003,0.0,4837.69436014261,22.3513517352477,6.733682058393286E-003,0.0,0.0,9.107040549916392E-003,0.434570216534694,0.381165768435868,0.468323498888737,0.410939738744627,5531.44899972382,5348.81496209019,1643.42573311847,4588.95904601896,4405.7319467846,1375.18468384154,6619.38336414763,6440.38894669119,1956.1300499211,5525.50422000396,5340.8170851327,1648.11837670672,0.0,0.0,0.0,0.0,0.0,0.0,0.0,0.0,608.571428571429,574.285714285714,677.142857142857,642.857142857143,22.4,20. 
 06/01  13:00:00,23.3,0.0,4313.19914411424,22.8813532965238,6.767468145916162E-003,0.0,3403.10633616876,22.8851938068573,6.845738988372338E-003,0.0,5412.86204267909,22.873530202666,6.700128176130065E-003,0.0,4354.89110480947,22.877463874728,6.768717254604723E-003,0.0,0.0,9.107040549871215E-003,0.37625842870241,0.321224683802654,0.418668500969387,0.361057299469887,4801.17569837393,4704.63264229463,1446.36754816998,3877.14019569768,3773.97680940058,1178.0093744466,5931.9912003618,5845.57580697861,1775.46669461786,4866.57661952732,4766.91160676794,1469.96581150984,0.0,0.0,0.0,0.0,0.0,0.0,0.0,0.0,608.571428571429,574.285714285714,677.142857142857,642.857142857143,22.95,20. 
 06/01  13:15:00,23.3,0.0,3949.31194091152,23.4286307318197,6.831997384646968E-003,0.0,3052.70496212896,23.43287412284,6.905442281281572E-003,0.0,5140.36622556842,23.4201270997034,6.768672771854346E-003,0.0,4104.10289142756,23.4244134783677,6.830608432290348E-003,0.0,0.0,9.107040549876440E-003,0.338670322800257,0.283720382142762,0.389958036082295,0.333666852311596,4353.20272224444,4311.22099677029,1319.45760184153,3449.29540080161,3394.99487562324,1054.33813233899,5566.02782035139,5541.29854273654,1673.82869889835,4529.98201648556,4485.51265906712,1374.46320750728,0.0,0.0,0.0,0.0,0.0,0.0,0.0,0.0,608.571428571429,574.285714285714,677.142857142857,642.857142857143,23.5,20. 
 06/01  13:30:00,23.3,0.0,3643.56312656081,23.9781883656748,6.915194442831503E-003,0.0,2768.19205771773,23.9824896044639,6.983609533830785E-003,0.0,4949.25012560751,23.9695712670092,6.855004148444518E-003,0.0,3942.24512375532,23.9739034458526,6.911235586966705E-003,0.0,0.0,9.107040549878154E-003,0.308199509615864,0.253727385207202,0.37038560327872,0.315127119981462,3993.41380842724,3983.42502969363,1216.30569269579,3109.07460366977,3088.66034899838,954.852917766951,5329.8306234696,5327.64907123501,1607.7711292048,4312.33251871653,4301.41460910021,1312.30217409966,0.0,0.0,0.0,0.0,0.0,0.0,0.0,0.0,608.571428571429,574.285714285714,677.142857142857,642.857142857143,24.05,20. 
 06/01  13:45:00,23.3,0.0,3325.16346403625,24.5280399793776,7.008752193045104E-003,0.0,2482.14273630728,24.5323413149606,7.074509909805904E-003,0.0,4752.54299340364,24.5194005280609,6.945933343898511E-003,0.0,3787.03848683425,24.5237340965814,7.002466593410057E-003,0.0,0.0,9.107040549878055E-003,0.278861544810949,0.225437947836782,0.351911058451703,0.298935127562361,3643.77148465546,3643.77148465546,1114.82146847469,2785.47587188461,2781.42078001058,859.104822188101,5109.60528749736,5109.60528749736,1545.72472565153,4124.91011693372,4124.91011693372,1258.3055794947,0.0,0.0,0.0,0.0,0.0,0.0,0.0,0.0,608.571428571429,574.285714285714,677.142857142857,642.857142857143,24.6,20. 
 06/01  14:00:00,23.3,0.0,4205.37976913961,24.5938539754539,7.101851990799105E-003,0.0,3411.04315290864,24.5946790311233,7.167501560127626E-003,0.0,5738.63065974593,24.5920226822217,7.035445192055295E-003,0.0,4832.9236043862,24.5929711739209,7.093234362422218E-003,0.0,0.0,9.107040549877680E-003,0.361651880001172,0.315997765278755,0.434658174977402,0.389993898655457,4750.40584864838,4750.40584864838,1436.22637643431,3923.64247357394,3923.64247357394,1195.255859253,6348.04677078002,6348.04677078002,1896.34374613731,5410.20844512013,5410.20844512013,1628.06371666522,0.0,0.0,0.0,0.0,0.0,0.0,0.0,0.0,608.571428571429,574.285714285714,677.142857142857,642.857142857143,24.6,20. 
 06/01  14:15:00,23.45,0.0,4122.52529859588,24.5982629361821,7.180128026754214E-003,0.0,3380.78786077549,24.5985647918119,7.245590163290138E-003,0.0,5753.14938524215,24.5975899460816,7.110307816611734E-003,0.0,4915.40677094447,24.5979414705301,7.169201235308269E-003,0.0,0.0,9.107040549877460E-003,0.356459358385354,0.315072386528367,0.437225220028733,0.397086074959391,4683.54658092791,4683.54658092791,1420.85269419657,3913.20058655484,3908.08476141551,1195.28953654745,6381.32848613594,6381.32848613594,1910.40464992497,5510.03839312234,5510.03839312234,1660.39827052049,0.0,0.0,0.0,0.0,0.0,0.0,0.0,0.0,608.571428571429,574.285714285714,677.142857142857,642.857142857143,24.6,20. 
 06/01  14:30:00,23.6,0.0,4326.00707507129,24.5993567351289,7.249408974218986E-003,0.0,3644.23149349103,24.5995204978733,7.310543568832766E-003,0.0,6010.22413630365,24.599079242275,7.177545257621744E-003,0.0,5248.73821148536,24.5992152119938,7.237187600735719E-003,0.0,0.0,9.107040549877389E-003,0.372708081350511,0.338451625104017,0.455322372870658,0.42159187291606,4899.038806534,4895.36215907817,1486.00405134432,4205.21384073638,4179.36390096402,1282.71278359256,6647.73400652013,6647.73400652013,1989.35965333976,5852.19041376168,5852.19041376168,1760.88850433005,0.0,0.0,0.0,0.0,0.0,0.0,0.0,0.0,608.571428571429,574.285714285714,677.142857142857,642.857142857143,24.6,20. 
 06/01  14:45:00,23.75,0.0,4421.63596790988,24.599685601906,7.309700568850208E-003,0.0,3809.6334168934,24.599780919789,7.365578789552636E-003,0.0,6142.1948908956,24.5994965228479,7.240919550088018E-003,0.0,5467.65347962018,24.5996045111603,7.296194856556408E-003,0.0,0.0,9.107040549877383E-003,0.382031134941256,0.353701656638266,0.464771177720819,0.439518220703602,5022.26993877656,4997.21536694674,1524.90413374723,4394.76607269914,4350.92250117061,1340.53160553075,6786.34668870662,6786.34668870662,2032.9250398855,6101.70004311264,6077.43156313893,1835.23807765011,0.0,0.0,0.0,0.0,0.0,0.0,0.0,0.0,608.571428571429,574.285714285714,677.142857142857,642.857142857143,24.6,20. 
 06/01  15:00:00,23.9,0.0,3936.3899740307,24.8226213662407,7.362482119823199E-003,0.0,3385.23231410619,24.8259631160751,7.414481395104918E-003,0.0,5690.87574266767,24.8162047354485,7.297539065298030E-003,0.0,5096.42805760213,24.8193723455746,7.346808567560271E-003,0.0,0.0,9.107040549877394E-003,0.332105429063883,0.305940228308847,0.421464868536448,0.400266453292122,4365.46220078455,4328.37781305989,1339.92687894606,3800.37389211176,3750.95752375665,1171.48146475029,6153.90360932974,6136.03577903818,1861.34713798931,5556.02183078023,5514.80853437582,1686.22945365686,0.0,0.0,0.0,0.0,0.0,0.0,0.0,0.0,608.571428571429,574.285714285714,677.142857142857,642.857142857143,24.9,20. 
 06/01  15:15:00,24.175,0.0,3803.85121842143,25.1027155111045,7.415810005417281E-003,0.0,3321.63284366734,25.1076994563498,7.464528199685918E-003,0.0,5575.08957856788,25.0929500168252,7.354027459775612E-003,0.0,5066.4457705341,25.0977843133402,7.398661890498802E-003,0.0,0.0,9.107040549877403E-003,0.316759350248639,0.29565665396875,0.408249869545437,0.392451648099968,4166.85915919439,4149.24648811099,1288.17126660179,3675.10914675415,3644.65999007877,1140.04979276596,5965.69342134025,5965.69342134024,1816.72543122358,5451.16932774806,5434.30329530801,1664.21041312199,0.0,0.0,0.0,0.0,0.0,0.0,0.0,0.0,608.571428571429,574.285714285714,677.142857142857,642.857142857143,25.2,20. 
 06/01  15:30:00,24.45,0.0,3576.06435097159,25.3975294011937,7.472135585281164E-003,0.0,3153.15953576626,25.4031173611058,7.519012641222860E-003,0.0,5378.57662181543,25.3864547453057,7.409521672172089E-003,0.0,4945.63914270011,25.3919424572189,7.453639995989430E-003,0.0,0.0,9.107040549877406E-003,0.296731777343483,0.278962934085614,0.393143122658844,0.381008257181953,3908.75389679978,3908.75389679978,1217.92937803873,3472.08279651635,3464.97303391055,1084.98562593125,5753.1886667673,5753.1886667673,1764.323874051,5299.22360242518,5299.22360242518,1628.23000889924,0.0,0.0,0.0,0.0,0.0,0.0,0.0,0.0,608.571428571429,574.285714285714,677.142857142857,642.857142857143,25.5,20. 
 06/01  15:45:00,24.725,0.0,3370.25508510175,25.6961633861805,7.527772678621431E-003,0.0,2999.4650419233,25.7019414704267,7.574804818721343E-003,0.0,5208.3439443432,25.6845977944739,7.463081804426350E-003,0.0,4841.78828002055,25.6903370533482,7.507944734074705E-003,0.0,0.0,9.107040549877408E-003,0.28035045222112,0.265347339636133,0.380229762822108,0.372624798160135,3698.88996791264,3698.88996791264,1160.83506993076,3307.73773772973,3307.73773772973,1040.59717033318,5577.79059359876,5577.79059359876,1721.735252043,5190.76598169013,5190.76598169013,1604.2116228902,0.0,0.0,0.0,0.0,0.0,0.0,0.0,0.0,608.571428571429,574.285714285714,677.142857142857,642.857142857143,25.8,20. 
 06/01  16:00:00,25.,0.0,3360.56597426859,25.9215273481802,7.581097964394346E-003,0.0,3034.00528884473,25.9262781122414,7.628802439859850E-003,0.0,5232.55653345982,25.9118842900542,7.514440752265396E-003,0.0,4922.18888447632,25.9166745789128,7.560010779266468E-003,0.0,0.0,9.107040549877408E-003,0.283529684737436,0.272396304956949,0.385603204378444,0.381957125190885,3750.55703805046,3750.55703805046,1181.4894176903,3401.09772627564,3401.09772627564,1073.35874561644,5668.08976082206,5668.08976082206,1755.67785523198,5334.92977289325,5334.92977289325,1653.31821179576,0.0,0.0,0.0,0.0,0.0,0.0,0.0,0.0,608.571428571429,574.285714285714,677.142857142857,642.857142857143,26.,20. 
 06/01  16:15:00,24.725,0.0,3581.63115620846,25.9795711893473,7.630329781812374E-003,0.0,3295.99417477198,25.9816039455724,7.678565211953979E-003,0.0,5480.42933023288,25.9751752730627,7.562102133126521E-003,0.0,5222.27152121719,25.9773653814423,7.608134356964044E-003,0.0,0.0,9.107040549877408E-003,0.307538453896132,0.300763894795192,0.409021304038529,0.410032008069567,4094.71436444558,4094.71436444558,1277.89050140555,3779.56436183545,3779.56436183545,1180.82613526715,6051.83119787397,6051.83119787397,1857.37404283602,5764.54892874716,5764.54892874715,1768.74618768625,0.0,0.0,0.0,0.0,0.0,0.0,0.0,0.0,608.571428571429,574.285714285714,677.142857142857,642.857142857143,26.,20. 
 06/01  16:30:00,24.45,0.0,3587.70509935892,25.9945210753596,7.674504726744046E-003,0.0,3348.10329552439,25.9952461728894,7.723015134658358E-003,0.0,5510.61573898024,25.9927972400957,7.605118517795360E-003,0.0,5308.29153165651,25.9936340635534,7.651400243129140E-003,0.0,0.0,9.107040549877406E-003,0.308685947095554,0.30517918951179,0.411295409671898,0.416260255948832,4124.65650998785,4124.65650998785,1280.66530250775,3852.44692884424,3852.44692884424,1196.72950965585,6112.22339625806,6112.22339625806,1865.87716824188,5877.56237247218,5877.56237247218,1792.62882545835,0.0,0.0,0.0,0.0,0.0,0.0,0.0,0.0,608.571428571429,574.285714285714,677.142857142857,642.857142857143,26.,20. 
 06/01  16:45:00,24.175,0.0,3634.61772953333,25.998365308359,7.713458947589210E-003,0.0,3455.5574387115,25.9986001930379,7.762021769608170E-003,0.0,5562.5558156799,25.9976967660049,7.643294452827528E-003,0.0,5431.69069903905,25.9979842076769,7.689648758439407E-003,0.0,0.0,9.107040549877406E-003,0.310833247521019,0.312234486984655,0.41363190869424,0.423634250697799,4169.88110948403,4169.88110948403,1287.97844622939,3957.06694765275,3957.06694765275,1221.84726214182,6164.945391968,6164.94539196799,1872.24970348929,6000.45395089843,6000.45395089843,1819.13964941842,0.0,0.0,0.0,0.0,0.0,0.0,0.0,0.0,608.571428571429,574.285714285714,677.142857142857,642.857142857143,26.,20. 
 06/01  17:00:00,23.9,0.0,3641.12728708573,25.9993502943493,7.747355007783592E-003,0.0,3536.2266272606,25.9994364336473,7.794182840491175E-003,0.0,5561.82733785359,25.9990549166946,7.676759444713764E-003,0.0,5519.27290016358,25.9991387646992,7.723028214471167E-003,0.0,0.0,9.107040549877408E-003,0.309551156744806,0.317337233432058,0.411541865360768,0.427667369590766,4168.12502300293,4168.12502300293,1281.59574024694,4036.57334363915,4029.04262691557,1239.41251278877,6156.81056576486,6156.81056576486,1861.51737932421,6080.1567115334,6080.1567115334,1833.32728769018,0.0,0.0,0.0,0.0,0.0,0.0,0.0,0.0,608.571428571429,574.285714285714,677.142857142857,642.857142857143,26.,20. 
 06/01  17:15:00,23.625,0.0,2221.99163240959,25.9997110777731,7.751377620027996E-003,0.0,2200.56523243844,25.9997548019595,7.794751527862380E-003,0.0,4001.49526542439,25.9995060568498,7.683829361453659E-003,0.0,4060.55491078487,25.9995419266901,7.727582784342000E-003,0.0,0.0,9.107040549877410E-003,0.203366055296277,0.211646670126055,0.305406462824543,0.323718271002691,2749.13274313382,2739.14974856958,856.513182492753,2702.66137701158,2683.44384602896,840.766220646508,4586.97643618122,4586.97643618122,1404.87522804565,4620.40144732401,4611.73862936897,1410.66224453374,0.0,0.0,0.0,0.0,0.0,0.0,0.0,0.0,608.571428571429,574.285714285714,677.142857142857,642.857142857143,26.,20. 
 06/01  17:30:00,23.35,0.0,2082.33702300089,25.9998793245108,7.747132069628740E-003,0.0,2154.90299137575,25.9999050074161,7.786530134202291E-003,0.0,3742.3034361375,25.9997368209995,7.684257853508544E-003,0.0,3916.6481608359,25.9997667069932,7.723233417821161E-003,0.0,0.0,9.107040549877411E-003,0.192197177829101,0.207165686611344,0.286967848686605,0.312831160190568,2606.33365720855,2589.13273603377,809.82971910553,2653.54206071902,2627.38278223703,822.328727136154,4323.95016070562,4317.48399272968,1322.30094709634,4479.12770376982,4457.45770241614,1363.71368765757,0.0,0.0,0.0,0.0,0.0,0.0,0.0,0.0,608.571428571429,574.285714285714,677.142857142857,642.857142857143,26.,20. 
 06/01  17:45:00,23.075,0.0,2265.17827205361,25.8515215307686,7.744536093944745E-003,0.0,2419.46941839399,25.8493548749505,7.779801407654057E-003,0.0,3820.56815745443,25.8556041403875,7.685733580598002E-003,0.0,4099.19995814892,25.853561606805,7.719457102981524E-003,0.0,0.0,9.107040549877413E-003,0.214235396145501,0.236551909893718,0.300413710357324,0.333914337095151,2913.66922508295,2887.77708337959,897.855694867587,3038.48794128258,3002.3698098836,932.715839554841,4540.29508537928,4521.84752514697,1379.04524416021,4794.93300782177,4761.04045336693,1448.15676255909,0.0,0.0,0.0,0.0,0.0,0.0,0.0,0.0,608.571428571429,574.285714285714,677.142857142857,642.857142857143,25.8,20. 
 06/01  18:00:00,22.8,0.0,2868.47411436735,25.3198340134426,7.736744060795109E-003,0.0,3084.84986241813,25.3158946813731,7.768164278556004E-003,0.0,4342.2349984911,25.3276223729351,7.677997718427717E-003,0.0,4704.78530803048,25.3236003067151,7.706971543928674E-003,0.0,0.0,9.107040549877415E-003,0.271471264939469,0.30173130966894,0.348855739557228,0.390595118697446,3690.12587673781,3615.28649627771,1118.48192851414,3872.98274778012,3783.53268726668,1167.84598004124,5269.39943918907,5184.73712597374,1578.52623738122,5604.48283231337,5499.30148313879,1667.28472720853,0.0,0.0,0.0,0.0,0.0,0.0,0.0,0.0,608.571428571429,574.285714285714,677.142857142857,642.857142857143,25.25,20. 
 06/01  18:15:00,22.25,0.0,0.0,26.1532723970025,7.688700610719121E-003,0.0,0.0,26.263230918517,7.718915361052556E-003,0.0,0.0,26.7461980674853,7.632227637876276E-003,0.0,0.0,26.9265593644115,7.660131238124317E-003,0.0,0.0,8.592438665196902E-003,0.0,0.0,0.0,0.0,0.0,0.0,0.0,0.0,0.0,0.0,0.0,0.0,0.0,0.0,0.0,0.0,0.0,0.0,0.0,0.0,0.0,0.0,0.0,0.0,0.0,0.0,0.0,0.0,24.7,20. 
 06/01  18:30:00,21.7,0.0,0.0,26.7598013627341,7.594418635306873E-003,0.0,0.0,26.9704033535385,7.621270497300950E-003,0.0,0.0,27.8105156704509,7.541070833021394E-003,0.0,0.0,28.1306540305203,7.565543389956551E-003,0.0,0.0,7.840567066950566E-003,0.0,0.0,0.0,0.0,0.0,0.0,0.0,0.0,0.0,0.0,0.0,0.0,0.0,0.0,0.0,0.0,0.0,0.0,0.0,0.0,0.0,0.0,0.0,0.0,0.0,0.0,0.0,0.0,24.15,20. 
 06/01  18:45:00,21.15,0.0,0.0,26.7583011492945,7.568107160879603E-003,0.0,0.0,26.9967166272555,7.593814326637611E-003,0.0,0.0,27.9496782377761,7.515299947810387E-003,0.0,0.0,28.3744399439461,7.538500429533343E-003,0.0,0.0,7.727679957248483E-003,0.0,0.0,0.0,0.0,0.0,0.0,0.0,0.0,0.0,0.0,0.0,0.0,0.0,0.0,0.0,0.0,0.0,0.0,0.0,0.0,0.0,0.0,0.0,0.0,0.0,0.0,0.0,0.0,23.6,20. 
 06/01  19:00:00,20.6,0.0,0.0,26.6921680459534,7.522867258780671E-003,0.0,0.0,26.9512603143738,7.546662656125417E-003,0.0,0.0,28.0447642356921,7.471020636342681E-003,0.0,0.0,28.5456263605192,7.492056356161956E-003,0.0,0.0,7.559217016719549E-003,0.0,0.0,0.0,0.0,0.0,0.0,0.0,0.0,0.0,0.0,0.0,0.0,0.0,0.0,0.0,0.0,0.0,0.0,0.0,0.0,0.0,0.0,0.0,0.0,0.0,0.0,0.0,0.0,30.,16. 
 06/01  19:15:00,19.75,0.0,0.0,26.5428534870039,7.483845685839496E-003,0.0,0.0,26.7532327485207,7.506381063639048E-003,0.0,0.0,27.9589666339824,7.432581762101520E-003,0.0,0.0,28.3969609144987,7.452177099834164E-003,0.0,0.0,7.378901511915030E-003,0.0,0.0,0.0,0.0,0.0,0.0,0.0,0.0,0.0,0.0,0.0,0.0,0.0,0.0,0.0,0.0,0.0,0.0,0.0,0.0,0.0,0.0,0.0,0.0,0.0,0.0,0.0,0.0,30.,16. 
 06/01  19:30:00,18.9,0.0,0.0,26.2751427845527,7.385010289818930E-003,0.0,0.0,26.4321668651357,7.404518773953081E-003,0.0,0.0,27.8027382281588,7.335019828206946E-003,0.0,0.0,28.1816168936336,7.351169420230031E-003,0.0,0.0,7.024729315714191E-003,0.0,0.0,0.0,0.0,0.0,0.0,0.0,0.0,0.0,0.0,0.0,0.0,0.0,0.0,0.0,0.0,0.0,0.0,0.0,0.0,0.0,0.0,0.0,0.0,0.0,0.0,0.0,0.0,30.,16. 
 06/01  19:45:00,18.05,0.0,0.0,26.0162175808119,7.279919509922768E-003,0.0,0.0,26.1421922091326,7.296823104125166E-003,0.0,0.0,27.5894342412516,7.230676859877452E-003,0.0,0.0,27.9206701503498,7.243855226741851E-003,0.0,0.0,6.756700082923399E-003,0.0,0.0,0.0,0.0,0.0,0.0,0.0,0.0,0.0,0.0,0.0,0.0,0.0,0.0,0.0,0.0,0.0,0.0,0.0,0.0,0.0,0.0,0.0,0.0,0.0,0.0,0.0,0.0,30.,16. 
 06/01  20:00:00,17.2,0.0,0.0,25.756920397728,7.168952169161615E-003,0.0,0.0,25.8604834114758,7.183588834788874E-003,0.0,0.0,27.3473629022656,7.120109728391885E-003,0.0,0.0,27.6373201137059,7.130723395036534E-003,0.0,0.0,6.541522448906946E-003,0.0,0.0,0.0,0.0,0.0,0.0,0.0,0.0,0.0,0.0,0.0,0.0,0.0,0.0,0.0,0.0,0.0,0.0,0.0,0.0,0.0,0.0,0.0,0.0,0.0,0.0,0.0,0.0,30.,16. 
 06/01  20:15:00,16.375,0.0,0.0,25.5024166707378,7.054388881865625E-003,0.0,0.0,25.5873633440647,7.067040709165116E-003,0.0,0.0,27.0968000374499,7.005846334625299E-003,0.0,0.0,27.351547458314,7.014264695244166E-003,0.0,0.0,6.363051144984646E-003,0.0,0.0,0.0,0.0,0.0,0.0,0.0,0.0,0.0,0.0,0.0,0.0,0.0,0.0,0.0,0.0,0.0,0.0,0.0,0.0,0.0,0.0,0.0,0.0,0.0,0.0,0.0,0.0,30.,16. 
 06/01  20:30:00,15.55,0.0,0.0,25.2868752391322,6.937403869377536E-003,0.0,0.0,25.3182516831311,6.948331333285056E-003,0.0,0.0,26.8333598097202,6.889181640950333E-003,0.0,0.0,27.0566809921429,6.895747210411852E-003,0.0,0.0,6.208244430231902E-003,0.0,0.0,0.0,0.0,0.0,0.0,0.0,0.0,0.0,0.0,0.0,0.0,0.0,0.0,0.0,0.0,0.0,0.0,0.0,0.0,0.0,0.0,0.0,0.0,0.0,0.0,0.0,0.0,30.,16. 
 06/01  20:45:00,14.725,0.0,0.0,25.1338733839599,6.900216257402727E-003,0.0,0.0,25.1681442310819,6.910873963431055E-003,0.0,0.0,26.621392654087,6.851956385089162E-003,0.0,0.0,26.8242266763385,6.858195857264548E-003,0.0,0.0,6.149182394009490E-003,0.0,0.0,0.0,0.0,0.0,0.0,0.0,0.0,0.0,0.0,0.0,0.0,0.0,0.0,0.0,0.0,0.0,0.0,0.0,0.0,0.0,0.0,0.0,0.0,0.0,0.0,0.0,0.0,30.,16. 
 06/01  21:00:00,13.9,0.0,0.0,24.8610628017854,6.768543484984990E-003,0.0,0.0,24.8876826929693,6.777847223439526E-003,0.0,0.0,26.256237558578,6.720650505841860E-003,0.0,0.0,26.425507897847,6.725438696343241E-003,0.0,0.0,5.973456917568483E-003,0.0,0.0,0.0,0.0,0.0,0.0,0.0,0.0,0.0,0.0,0.0,0.0,0.0,0.0,0.0,0.0,0.0,0.0,0.0,0.0,0.0,0.0,0.0,0.0,0.0,0.0,0.0,0.0,30.,16. 
 06/01  21:15:00,13.475,0.0,0.0,24.6545865004071,6.644281246254572E-003,0.0,0.0,24.6759782349239,6.652400268049330E-003,0.0,0.0,25.9645717025058,6.597413338412427E-003,0.0,0.0,26.1107739334098,6.601061088809953E-003,0.0,0.0,5.852351486508372E-003,0.0,0.0,0.0,0.0,0.0,0.0,0.0,0.0,0.0,0.0,0.0,0.0,0.0,0.0,0.0,0.0,0.0,0.0,0.0,0.0,0.0,0.0,0.0,0.0,0.0,0.0,0.0,0.0,30.,16. 
 06/01  21:30:00,13.05,0.0,0.0,24.4686844269114,6.533737968717970E-003,0.0,0.0,24.4847138676635,6.540828248544392E-003,0.0,0.0,25.6895256842801,6.488587147905055E-003,0.0,0.0,25.8161044807827,6.491360269749281E-003,0.0,0.0,5.787602051137566E-003,0.0,0.0,0.0,0.0,0.0,0.0,0.0,0.0,0.0,0.0,0.0,0.0,0.0,0.0,0.0,0.0,0.0,0.0,0.0,0.0,0.0,0.0,0.0,0.0,0.0,0.0,0.0,0.0,30.,16. 
 06/01  21:45:00,12.625,0.0,0.0,24.2969826199935,6.437118845297581E-003,0.0,0.0,24.308343953856,6.443316835312383E-003,0.0,0.0,25.4301351276068,6.394224133215038E-003,0.0,0.0,25.5402898364028,6.396330049365005E-003,0.0,0.0,5.759537778457230E-003,0.0,0.0,0.0,0.0,0.0,0.0,0.0,0.0,0.0,0.0,0.0,0.0,0.0,0.0,0.0,0.0,0.0,0.0,0.0,0.0,0.0,0.0,0.0,0.0,0.0,0.0,0.0,0.0,30.,16. 
 06/01  22:00:00,12.2,0.0,0.0,24.1308491771174,6.352358348472760E-003,0.0,0.0,24.1385028158832,6.357782000130621E-003,0.0,0.0,25.1771272441289,6.312075383022982E-003,0.0,0.0,25.2734110507374,6.313673040474231E-003,0.0,0.0,5.748044578700371E-003,0.0,0.0,0.0,0.0,0.0,0.0,0.0,0.0,0.0,0.0,0.0,0.0,0.0,0.0,0.0,0.0,0.0,0.0,0.0,0.0,0.0,0.0,0.0,0.0,0.0,0.0,0.0,0.0,30.,16. 
 06/01  22:15:00,12.35,0.0,0.0,23.9997193110172,6.293722227426019E-003,0.0,0.0,24.0044755094001,6.298480633118136E-003,0.0,0.0,24.9610909460127,6.256658426462175E-003,0.0,0.0,25.0455901238251,6.257910080293053E-003,0.0,0.0,5.803554873813192E-003,0.0,0.0,0.0,0.0,0.0,0.0,0.0,0.0,0.0,0.0,0.0,0.0,0.0,0.0,0.0,0.0,0.0,0.0,0.0,0.0,0.0,0.0,0.0,0.0,0.0,0.0,0.0,0.0,30.,16. 
 06/01  22:30:00,12.5,0.0,0.0,23.8995021855575,6.268282465746126E-003,0.0,0.0,23.9019256470839,6.272470056298655E-003,0.0,0.0,24.7780260066621,6.235041055739340E-003,0.0,0.0,24.8522276855545,6.236087761192482E-003,0.0,0.0,5.936204460875002E-003,0.0,0.0,0.0,0.0,0.0,0.0,0.0,0.0,0.0,0.0,0.0,0.0,0.0,0.0,0.0,0.0,0.0,0.0,0.0,0.0,0.0,0.0,0.0,0.0,0.0,0.0,0.0,0.0,30.,16. 
 06/01  22:45:00,12.65,0.0,0.0,23.8175026865695,6.275699402811228E-003,0.0,0.0,23.8180499671654,6.279393699627251E-003,0.0,0.0,24.6165459924084,6.246672538014864E-003,0.0,0.0,24.6817138563781,6.247617517677640E-003,0.0,0.0,6.125441222536799E-003,0.0,0.0,0.0,0.0,0.0,0.0,0.0,0.0,0.0,0.0,0.0,0.0,0.0,0.0,0.0,0.0,0.0,0.0,0.0,0.0,0.0,0.0,0.0,0.0,0.0,0.0,0.0,0.0,30.,16. 
 06/01  23:00:00,12.8,0.0,0.0,23.7465974284235,6.312542135812353E-003,0.0,0.0,23.7456618809061,6.315805811908739E-003,0.0,0.0,24.4709493015612,6.287867842328318E-003,0.0,0.0,24.5282471660054,6.288777455013159E-003,0.0,0.0,6.346899292485068E-003,0.0,0.0,0.0,0.0,0.0,0.0,0.0,0.0,0.0,0.0,0.0,0.0,0.0,0.0,0.0,0.0,0.0,0.0,0.0,0.0,0.0,0.0,0.0,0.0,0.0,0.0,0.0,0.0,30.,16. 
 06/01  23:15:00,12.925,0.0,0.0,23.6797878812273,6.357885233711748E-003,0.0,0.0,23.6777114721225,6.360769783600973E-003,0.0,0.0,24.3345382352052,6.337146641673148E-003,0.0,0.0,24.3850478909795,6.338032457334186E-003,0.0,0.0,6.516200832164808E-003,0.0,0.0,0.0,0.0,0.0,0.0,0.0,0.0,0.0,0.0,0.0,0.0,0.0,0.0,0.0,0.0,0.0,0.0,0.0,0.0,0.0,0.0,0.0,0.0,0.0,0.0,0.0,0.0,30.,16. 
 06/01  23:30:00,13.05,0.0,0.0,23.6161552837709,6.399297378447477E-003,0.0,0.0,23.6132053171352,6.401847130392969E-003,0.0,0.0,24.2061718320417,6.381844862307361E-003,0.0,0.0,24.2508258015259,6.382694168183291E-003,0.0,0.0,6.609570442334499E-003,0.0,0.0,0.0,0.0,0.0,0.0,0.0,0.0,0.0,0.0,0.0,0.0,0.0,0.0,0.0,0.0,0.0,0.0,0.0,0.0,0.0,0.0,0.0,0.0,0.0,0.0,0.0,0.0,30.,16. 
 06/01  23:45:00,13.175,0.0,0.0,23.5564125628735,6.433167352172343E-003,0.0,0.0,23.552791802294,6.435421565597268E-003,0.0,0.0,24.0863378318944,6.418376335342341E-003,0.0,0.0,24.1259273785292,6.419174601973224E-003,0.0,0.0,6.646135481242164E-003,0.0,0.0,0.0,0.0,0.0,0.0,0.0,0.0,0.0,0.0,0.0,0.0,0.0,0.0,0.0,0.0,0.0,0.0,0.0,0.0,0.0,0.0,0.0,0.0,0.0,0.0,0.0,0.0,30.,16. 
 06/01  24:00:00,13.3,0.0,0.0,23.5006520470206,6.459915550447326E-003,0.0,0.0,23.4965177364301,6.461909216040994E-003,0.0,0.0,23.974943600767,6.447278389109652E-003,0.0,0.0,24.0101480430608,6.448016949450170E-003,0.0,0.0,6.652339929405220E-003,0.0,0.0,0.0,0.0,0.0,0.0,0.0,0.0,0.0,0.0,0.0,0.0,0.0,0.0,0.0,0.0,0.0,0.0,0.0,0.0,0.0,0.0,0.0,0.0,0.0,0.0,0.0,0.0,30.,16.,252184301.629976,0.0,99113142.8571429,0.0,864322054.053347,483516000.,114345000.,252184301.629976,0.0,99113142.8571429,0.0,864322054.053347,483516000.,114345000. 
