Date/Time,Environment:Site Outdoor Air Drybulb Temperature [C](TimeStep),Environment:Site Outdoor Air Humidity Ratio [kgWater/kgDryAir](Hourly),Environment:Site Outdoor Air Relative Humidity [%](Hourly),BASEMENT:Zone Mean Air Temperature [C](Hourly),CORRIDOR_FLR_1:Zone Mean Air Temperature [C](Hourly),CORRIDOR_FLR_2:Zone Mean Air Temperature [C](Hourly),CORRIDOR_FLR_5:Zone Mean Air Temperature [C](Hourly),CORRIDOR_NW_FLR_3:Zone Mean Air Temperature [C](Hourly),CORRIDOR_NW_FLR_4:Zone Mean Air Temperature [C](Hourly),CORRIDOR_SE_FLR_3:Zone Mean Air Temperature [C](Hourly),CORRIDOR_SE_FLR_4:Zone Mean Air Temperature [C](Hourly),DINING_FLR_5:Zone Mean Air Temperature [C](Hourly),ER_EXAM1_MULT4_FLR_1:Zone Mean Air Temperature [C](Hourly),ER_EXAM3_MULT4_FLR_1:Zone Mean Air Temperature [C](Hourly),ER_NURSESTN_LOBBY_FLR_1:Zone Mean Air Temperature [C](Hourly),ER_TRAUMA1_FLR_1:Zone Mean Air Temperature [C](Hourly),ER_TRAUMA2_FLR_1:Zone Mean Air Temperature [C](Hourly),ER_TRIAGE_MULT4_FLR_1:Zone Mean Air Temperature [C](Hourly),ICU_FLR_2:Zone Mean Air Temperature [C](Hourly),ICU_NURSESTN_LOBBY_FLR_2:Zone Mean Air Temperature [C](Hourly),IC_PATROOM1_MULT5_FLR_2:Zone Mean Air Temperature [C](Hourly),IC_PATROOM2_FLR_2:Zone Mean Air Temperature [C](Hourly),IC_PATROOM3_MULT6_FLR_2:Zone Mean Air Temperature [C](Hourly),KITCHEN_FLR_5:Zone Mean Air Temperature [C](Hourly),LAB_FLR_3:Zone Mean Air Temperature [C](Hourly),LAB_FLR_4:Zone Mean Air Temperature [C](Hourly),LOBBY_RECORDS_FLR_1:Zone Mean Air Temperature [C](Hourly),NURSESTN_LOBBY_FLR_3:Zone Mean Air Temperature [C](Hourly),NURSESTN_LOBBY_FLR_4:Zone Mean Air Temperature [C](Hourly),NURSESTN_LOBBY_FLR_5:Zone Mean Air Temperature [C](Hourly),OR1_FLR_2:Zone Mean Air Temperature [C](Hourly),OR2_MULT5_FLR_2:Zone Mean Air Temperature [C](Hourly),OR3_FLR_2:Zone Mean Air Temperature [C](Hourly),OR4_FLR_2:Zone Mean Air Temperature [C](Hourly),OR_NURSESTN_LOBBY_FLR_2:Zone Mean Air Temperature [C](Hourly),OFFICE1_FLR_5:Zone Mean Air Temperature [C](Hourly),OFFICE1_MULT4_FLR_1:Zone Mean Air Temperature [C](Hourly),OFFICE2_MULT5_FLR_5:Zone Mean Air Temperature [C](Hourly),OFFICE3_FLR_5:Zone Mean Air Temperature [C](Hourly),OFFICE4_MULT6_FLR_5:Zone Mean Air Temperature [C](Hourly),PATROOM1_MULT10_FLR_3:Zone Mean Air Temperature [C](Hourly),PATROOM1_MULT10_FLR_4:Zone Mean Air Temperature [C](Hourly),PATROOM2_FLR_3:Zone Mean Air Temperature [C](Hourly),PATROOM2_FLR_4:Zone Mean Air Temperature [C](Hourly),PATROOM3_MULT10_FLR_3:Zone Mean Air Temperature [C](Hourly),PATROOM3_MULT10_FLR_4:Zone Mean Air Temperature [C](Hourly),PATROOM4_FLR_3:Zone Mean Air Temperature [C](Hourly),PATROOM4_FLR_4:Zone Mean Air Temperature [C](Hourly),PATROOM5_MULT10_FLR_3:Zone Mean Air Temperature [C](Hourly),PATROOM5_MULT10_FLR_4:Zone Mean Air Temperature [C](Hourly),PATROOM6_FLR_3:Zone Mean Air Temperature [C](Hourly),PATROOM6_FLR_4:Zone Mean Air Temperature [C](Hourly),PATROOM7_MULT10_FLR_3:Zone Mean Air Temperature [C](Hourly),PATROOM7_MULT10_FLR_4:Zone Mean Air Temperature [C](Hourly),PATROOM8_FLR_3:Zone Mean Air Temperature [C](Hourly),PATROOM8_FLR_4:Zone Mean Air Temperature [C](Hourly),PHYSTHERAPY_FLR_3:Zone Mean Air Temperature [C](Hourly),RADIOLOGY_FLR_4:Zone Mean Air Temperature [C](Hourly),COOLSYS1:Plant System Cycle On Off Status [](Hourly),HEATSYS1:Plant System Cycle On Off Status [](Hourly),SWHSYS1:Plant System Cycle On Off Status [](Hourly),TOWERWATERSYS:Plant System Cycle On Off Status [](Hourly),COOLSYS1:Plant Supply Side Cooling Demand Rate [W](Hourly),COOLSYS1:Plant Supply Side Heating Demand Rate [W](Hourly),COOLSYS1:Plant Supply Side Inlet Mass Flow Rate [kg/s](Hourly),COOLSYS1:Plant Supply Side Inlet Temperature [C](Hourly),COOLSYS1:Plant Supply Side Outlet Temperature [C](Hourly),COOLSYS1:Plant Supply Side Unmet Demand Rate [W](Hourly),HEATSYS1:Plant Supply Side Cooling Demand Rate [W](Hourly),HEATSYS1:Plant Supply Side Heating Demand Rate [W](Hourly),HEATSYS1:Plant Supply Side Inlet Mass Flow Rate [kg/s](Hourly),HEATSYS1:Plant Supply Side Inlet Temperature [C](Hourly),HEATSYS1:Plant Supply Side Outlet Temperature [C](Hourly),HEATSYS1:Plant Supply Side Unmet Demand Rate [W](Hourly),SWHSYS1:Plant Supply Side Cooling Demand Rate [W](Hourly),SWHSYS1:Plant Supply Side Heating Demand Rate [W](Hourly),SWHSYS1:Plant Supply Side Inlet Mass Flow Rate [kg/s](Hourly),SWHSYS1:Plant Supply Side Inlet Temperature [C](Hourly),SWHSYS1:Plant Supply Side Outlet Temperature [C](Hourly),SWHSYS1:Plant Supply Side Unmet Demand Rate [W](Hourly),TOWERWATERSYS:Plant Supply Side Cooling Demand Rate [W](Hourly),TOWERWATERSYS:Plant Supply Side Heating Demand Rate [W](Hourly),TOWERWATERSYS:Plant Supply Side Inlet Mass Flow Rate [kg/s](Hourly),TOWERWATERSYS:Plant Supply Side Inlet Temperature [C](Hourly),TOWERWATERSYS:Plant Supply Side Outlet Temperature [C](Hourly),TOWERWATERSYS:Plant Supply Side Unmet Demand Rate [W](Hourly),CAV_1:Air System Simulation Cycle On Off Status [](Hourly),CAV_2:Air System Simulation Cycle On Off Status [](Hourly),VAV_1:Air System Simulation Cycle On Off Status [](Hourly),VAV_2:Air System Simulation Cycle On Off Status [](Hourly),CAV_1:Air System Outdoor Air Economizer Status [](Hourly),CAV_1:Air System Outdoor Air Flow Fraction [](Hourly),CAV_2:Air System Outdoor Air Economizer Status [](Hourly),CAV_2:Air System Outdoor Air Flow Fraction [](Hourly),VAV_1:Air System Outdoor Air Economizer Status [](Hourly),VAV_1:Air System Outdoor Air Flow Fraction [](Hourly),VAV_2:Air System Outdoor Air Economizer Status [](Hourly),VAV_2:Air System Outdoor Air Flow Fraction [](Hourly),COOLSYS1 CHILLER:Chiller Part Load Ratio [](Hourly),COOLSYS1 CHILLER:Chiller Electric Power [W](TimeStep),COOLSYS1 CHILLER:Chiller Electric Energy [J](Hourly),COOLSYS1 CHILLER:Chiller COP [W/W](Hourly),HEATSYS1 BOILER:Boiler Gas Energy [J](Hourly),HEATSYS1 BOILER:Boiler Inlet Temperature [C](Hourly),HEATSYS1 BOILER:Boiler Outlet Temperature [C](Hourly),HEATSYS1 BOILER:Boiler Part Load Ratio [](Hourly),Electricity:Facility [J](Hourly),Fans:Electricity [J](Hourly),Cooling:Electricity [J](Hourly),Heating:Electricity [J](Hourly),InteriorLights:Electricity [J](Hourly),InteriorEquipment:Electricity [J](Hourly),Gas:Facility [J](Hourly),Heating:Gas [J](Hourly),InteriorEquipment:Gas [J](Hourly),Water Heater:WaterSystems:Gas [J](Hourly),Electricity:Facility [J](Monthly),Gas:Facility [J](Monthly),CO2:Facility [kg](Monthly),CO:Facility [kg](Monthly),CH4:Facility [kg](Monthly),NOx:Facility [kg](Monthly),N2O:Facility [kg](Monthly),SO2:Facility [kg](Monthly),PM:Facility [kg](Monthly),PM10:Facility [kg](Monthly),PM2.5:Facility [kg](Monthly),NH3:Facility [kg](Monthly),NMVOC:Facility [kg](Monthly),Hg:Facility [kg](Monthly),Pb:Facility [kg](Monthly),WaterEnvironmentalFactors:Facility [L](Monthly),Nuclear High:Facility [kg](Monthly),Nuclear Low:Facility [m3](Monthly),Carbon Equivalent:Facility [kg](Monthly),CAV_1:Air System Total Heating Energy [J](Hourly),CAV_1:Air System Total Cooling Energy [J](Hourly),CAV_1:Air System Fan Electric Energy [J](Hourly),CAV_1:Air System Heating Coil Hot Water Energy [J](Hourly),CAV_2:Air System Total Heating Energy [J](Hourly),CAV_2:Air System Total Cooling Energy [J](Hourly),CAV_2:Air System Fan Electric Energy [J](Hourly),CAV_2:Air System Heating Coil Hot Water Energy [J](Hourly),VAV_1:Air System Total Heating Energy [J](Hourly),VAV_1:Air System Total Cooling Energy [J](Hourly),VAV_1:Air System Fan Electric Energy [J](Hourly),VAV_1:Air System Heating Coil Hot Water Energy [J](Hourly),VAV_2:Air System Total Heating Energy [J](Hourly),VAV_2:Air System Total Cooling Energy [J](Hourly),VAV_2:Air System Fan Electric Energy [J](Hourly),VAV_2:Air System Heating Coil Hot Water Energy [J](Hourly) 
 06/01  00:15:00,14.5,,,,,,,,,,,,,,,,,,,,,,,,,,,,,,,,,,,,,,,,,,,,,,,,,,,,,,,,,,,,,,,,,,,,,,,,,,,,,,,,,,,,,,,,,,,,,,,,,,,129587.368565082 
 06/01  00:30:00,15.7,,,,,,,,,,,,,,,,,,,,,,,,,,,,,,,,,,,,,,,,,,,,,,,,,,,,,,,,,,,,,,,,,,,,,,,,,,,,,,,,,,,,,,,,,,,,,,,,,,,133733.917042089 
 06/01  00:45:00,16.9,,,,,,,,,,,,,,,,,,,,,,,,,,,,,,,,,,,,,,,,,,,,,,,,,,,,,,,,,,,,,,,,,,,,,,,,,,,,,,,,,,,,,,,,,,,,,,,,,,,147611.223802706 
 06/01  01:00:00,18.1,9.307156053464183E-003,78.375,21.7673710721557,22.1135471261868,20.244859914881,21.5544891844691,20.4521460025199,20.4930689576557,20.5142667789465,20.5579123455897,21.0726399921773,21.0949120812553,21.096025680449,22.2022085741071,21.0931216298591,21.0920145511592,21.0993447051833,21.0888733184073,22.5570215126518,21.0972159120635,21.0947147955332,21.0937501540327,18.2746642456944,18.2906700818436,18.293366222138,22.1807342322447,21.7026880190293,21.681878533331,21.7926341929544,18.291147533723,18.2805394107578,18.282262278159,18.2831462513922,22.2522774443799,20.2256582573452,21.1704605749722,20.8848595357532,20.1472261920074,20.6767283911317,21.1002061793907,21.0902101439164,21.101003598617,21.0917235431558,21.0925387267724,21.1014122787891,21.0946474694904,21.0988731786658,21.0962344766782,21.095448499904,21.0939143640569,21.0973336124494,21.097940996557,21.0984568815935,21.1003110781401,21.0916319823999,18.9579477797782,18.2971627205364,0.0,0.0,0.0,0.0,757094.111543007,0.0,50.2870725750717,10.3291915555085,6.7,0.0,0.0,320103.68760751,1.61882780542868,34.8948037855078,82.2,0.0,0.0,11725.0836305731,6.202457320000336E-002,14.8314947345885,59.1184094533987,228.785779963572,765316.877906254,0.0,132.793552539482,15.3975931516673,14.8808277041685,-478195.473534153,0.0,0.0,0.0,0.0,0.0,0.33,0.0,0.33,1.,1.,1.,1.,0.263316104449345,165714.645093687,518982439.053207,5.39755738199575,1466123760.0344,34.8948037855078,82.2,9.407978172830536E-002,1923236904.2463,347079588.080072,518982439.053207,0.0,165934921.037292,407926009.778861,1517903027.11028,1466123760.0344,20392811.859456,31386455.2164298,,,,,,,,,,,,,,,,,,,,644807869.578405,814751596.604885,139497088.380784,505310781.197596,381266515.084851,523138228.661214,108920138.255546,272346376.829292,200097442.946599,482082763.37805,37488176.1406258,162609266.805975,248845487.724451,800525232.551673,61174185.2941134,187671302.430337 
 06/01  01:15:00,18.125,,,,,,,,,,,,,,,,,,,,,,,,,,,,,,,,,,,,,,,,,,,,,,,,,,,,,,,,,,,,,,,,,,,,,,,,,,,,,,,,,,,,,,,,,,,,,,,,,,,175690.588690746 
 06/01  01:30:00,18.15,,,,,,,,,,,,,,,,,,,,,,,,,,,,,,,,,,,,,,,,,,,,,,,,,,,,,,,,,,,,,,,,,,,,,,,,,,,,,,,,,,,,,,,,,,,,,,,,,,,183141.786656337 
 06/01  01:45:00,18.175,,,,,,,,,,,,,,,,,,,,,,,,,,,,,,,,,,,,,,,,,,,,,,,,,,,,,,,,,,,,,,,,,,,,,,,,,,,,,,,,,,,,,,,,,,,,,,,,,,,188835.251363587 
 06/01  02:00:00,18.2,1.143565551207561E-002,85.875,21.7288886739672,22.0656090572691,20.1779666009305,21.3140083373871,20.3810061422236,20.4219313053444,20.4426315925187,20.4862322024294,20.8134284535042,21.0966635359861,21.0988113231598,22.142055743049,21.1029886394017,21.105837340356,21.1037474782587,21.1010328159743,22.4936512976273,21.1013022375472,21.1010366525052,21.1038488151462,17.9259730176004,18.2910997816258,18.2955452706946,22.1156953079009,21.6182159174793,21.5974261411234,21.535155624582,18.2929679460361,18.2922277033363,18.2966676196249,18.2931645212255,22.2009577344792,19.9770303301246,21.1115586368012,20.5942866088819,19.9031986178848,20.4740224454108,21.0997975938162,21.0998704871455,21.1054503020839,21.1019527062944,21.1000103902908,21.1017930802487,21.0992505436566,21.1022232675482,21.1040696653726,21.0977519271204,21.0949714551565,21.1054264616938,21.1042623188783,21.1050457771033,21.1092209010973,21.1050982986392,18.8535206190633,18.302853482836,0.0,0.0,0.0,0.0,1078240.22355085,0.0,74.1452623428597,10.1699725035091,6.7,0.0,0.0,314243.832308074,1.59479084435395,35.0602245146546,82.2,0.0,0.0,11729.992092774,6.205053849525072E-002,14.8314947336809,59.0022684417524,259.079799857144,1830359.27968242,0.0,132.793552539482,19.9025486543543,18.5022816446032,-1053158.53152676,0.0,0.0,0.0,0.0,0.0,0.33,0.0,0.33,1.,1.,1.,1.,0.355073220470436,193300.343450693,666871173.145227,5.82493141222412,1439284728.12858,35.0602245146546,82.2,9.235754631249118E-002,2093334530.91125,347079588.080072,666871173.145227,0.0,165934921.037292,407926009.778861,1522377074.80877,1439284728.12858,20392811.859456,62699534.8207346,,,,,,,,,,,,,,,,,,,,645242752.287385,987072195.106152,139497088.380784,505745663.906643,360105542.80789,625315145.185508,108920138.255546,251185404.552339,201420481.363832,832305791.743318,37488176.1406258,163932305.223198,252434601.95803,1383792009.20304,61174185.2941134,191260416.663913 
 06/01  02:15:00,18.2,,,,,,,,,,,,,,,,,,,,,,,,,,,,,,,,,,,,,,,,,,,,,,,,,,,,,,,,,,,,,,,,,,,,,,,,,,,,,,,,,,,,,,,,,,,,,,,,,,,195423.118984224 
 06/01  02:30:00,18.2,,,,,,,,,,,,,,,,,,,,,,,,,,,,,,,,,,,,,,,,,,,,,,,,,,,,,,,,,,,,,,,,,,,,,,,,,,,,,,,,,,,,,,,,,,,,,,,,,,,196382.812569995 
 06/01  02:45:00,18.2,,,,,,,,,,,,,,,,,,,,,,,,,,,,,,,,,,,,,,,,,,,,,,,,,,,,,,,,,,,,,,,,,,,,,,,,,,,,,,,,,,,,,,,,,,,,,,,,,,,196595.251076916 
 06/01  03:00:00,18.2,1.136096029224084E-002,85.125,21.6931689114715,22.0133990398103,20.1089966989638,21.0962027167343,20.3103311263572,20.3515128716468,20.371459696957,20.415283580586,20.5642121403301,21.0996366323904,21.0966597561259,22.0750472408796,21.100084490043,21.1068032219293,21.0979822385724,21.0984435284301,22.4333353429188,21.10500167608,21.1034542761754,21.1027891843868,17.6304754152922,18.2919793841979,18.296594599774,22.0312618299194,21.5367458563128,21.5163028693398,21.3062612372224,18.3097030618913,18.3082493760092,18.3082546186171,18.3026216872395,22.1360806763571,19.6985864454544,21.0160102470066,20.3071645850796,19.6289054518406,20.2549958460417,21.1027197024117,21.1002916143107,21.1053509435435,21.0996715286567,21.1015007536072,21.1031506342678,21.1047674907167,21.1010776096855,21.0984965431887,21.1033970231303,21.1067038167702,21.102427360752,21.1033828053067,21.1011511316522,21.1032738222588,21.0994991950443,18.755446411462,18.3020541708069,0.0,0.0,0.0,0.0,1074353.4563802,0.0,73.799451942093,10.1736853946896,6.7,0.0,0.0,317044.308909781,1.61401534039064,35.2065286992248,82.2,0.0,0.0,11726.4195061264,6.203163985257869E-002,14.8314947334478,58.8757429751569,291.852289908571,2822117.0959693,0.0,132.793552539482,21.6402775683782,19.4430241336647,-1602795.38751631,0.0,0.0,0.0,0.0,0.0,0.33,0.0,0.33,1.,1.,1.,1.,0.353699827873082,196304.17904637,706234825.509754,5.47660342349358,1452111338.51808,35.2065286992248,82.2,9.318061782845205E-002,2132346857.85698,347079588.080072,706234825.509754,0.0,165934921.037292,407926009.778861,1535197948.38737,1452111338.51808,20392811.859456,62693798.0098373,,,,,,,,,,,,,,,,,,,,648698689.206293,984516803.756989,139497088.380784,509201600.825539,362451618.553835,626270608.089967,108920138.255546,253531480.298272,203654050.358255,824789756.250778,37488176.1406258,166165874.217632,256480524.554138,1371265812.22858,61174185.2941134,195306339.260037 
 06/01  03:15:00,18.225,,,,,,,,,,,,,,,,,,,,,,,,,,,,,,,,,,,,,,,,,,,,,,,,,,,,,,,,,,,,,,,,,,,,,,,,,,,,,,,,,,,,,,,,,,,,,,,,,,,195847.216382232 
 06/01  03:30:00,18.25,,,,,,,,,,,,,,,,,,,,,,,,,,,,,,,,,,,,,,,,,,,,,,,,,,,,,,,,,,,,,,,,,,,,,,,,,,,,,,,,,,,,,,,,,,,,,,,,,,,195248.882800783 
 06/01  03:45:00,18.275,,,,,,,,,,,,,,,,,,,,,,,,,,,,,,,,,,,,,,,,,,,,,,,,,,,,,,,,,,,,,,,,,,,,,,,,,,,,,,,,,,,,,,,,,,,,,,,,,,,194570.218735621 
 06/01  04:00:00,18.3,1.099015130274536E-002,82.125,21.9586554180907,22.0598866905925,20.1292248689411,21.0171108988777,20.3365552615978,20.3784094148772,20.3972094694038,20.4417118007319,20.7099761671297,21.1082424041472,21.1077899108949,22.3258812759656,21.1072804767445,21.1106038534153,21.1057448503111,21.0949183177544,22.7799784289464,21.1004765938272,21.097567334225,21.1061973009377,17.5237221937617,18.297165822233,18.3019063864218,22.095235894075,21.7430071664411,21.7221119381778,21.4191165476894,18.2964758491391,18.2945792442805,18.2940788338437,18.3024085594391,22.3409956532251,19.6985125015237,21.1139090189408,20.3108533686452,19.6350140556951,20.2700440590988,21.1051726230166,21.1027602592987,21.0998832809784,21.0983931726137,21.0988649591048,21.0974449695719,21.1056995635584,21.1030561915367,21.1051529303516,21.1110086679702,21.104623310172,21.0999769213585,21.101999573966,21.102799923716,21.1017050670585,21.1021699625641,18.9602348903291,18.3025951532029,0.0,0.0,0.0,0.0,1034590.87987305,0.0,71.407772046886,10.1571768491888,6.7,0.0,0.0,304998.421424243,1.55690691559433,35.3339120675245,82.2,0.0,0.0,11725.5624563245,6.202710614086931E-002,14.8314947334002,59.0916435769766,235.753282353345,3015150.36436868,0.0,132.793552539482,21.7037943017861,19.3674957232029,-1718713.97577845,0.0,0.0,0.0,0.0,0.0,0.33,0.0,0.33,1.,1.,1.,1.,0.34059182271973,193784.52051485,701505754.590137,5.3092234166557,1396939334.76752,35.3339120675245,82.2,8.964028227707693E-002,2451047360.31046,347079588.080072,701505754.590137,0.0,360542366.237066,536289837.963264,1448719474.98316,1396939334.76752,20392811.859456,31387328.3561846,,,,,,,,,,,,,,,,,,,,638426291.087181,968356134.18803,139497088.380784,498929202.706383,359896328.051587,616965159.533867,108920138.255546,250976189.796052,196416537.030738,781787892.934317,37488176.1406258,158928360.890113,237711588.540492,1299605048.44623,61174185.2941134,176537403.246389 
 06/01  04:15:00,18.175,,,,,,,,,,,,,,,,,,,,,,,,,,,,,,,,,,,,,,,,,,,,,,,,,,,,,,,,,,,,,,,,,,,,,,,,,,,,,,,,,,,,,,,,,,,,,,,,,,,192329.676083309 
 06/01  04:30:00,18.05,,,,,,,,,,,,,,,,,,,,,,,,,,,,,,,,,,,,,,,,,,,,,,,,,,,,,,,,,,,,,,,,,,,,,,,,,,,,,,,,,,,,,,,,,,,,,,,,,,,191565.574072885 
 06/01  04:45:00,17.925,,,,,,,,,,,,,,,,,,,,,,,,,,,,,,,,,,,,,,,,,,,,,,,,,,,,,,,,,,,,,,,,,,,,,,,,,,,,,,,,,,,,,,,,,,,,,,,,,,,190172.493862239 
 06/01  05:00:00,17.8,1.063775065424075E-002,81.,21.9828733608948,22.0588725809362,21.0989306236192,21.0995459729404,21.0996888151327,21.0994270515321,21.0998309253891,21.0992097931518,21.1010741485247,21.0962306410226,21.0987704469961,22.2001618433611,21.1058903194366,21.0991293764231,21.1043285866548,21.1006449298946,22.2010063821034,21.1084805598638,21.1034448098835,21.1024237583747,19.0001971567314,21.0890193091274,21.0869612311887,22.0778518849107,21.7853804263596,21.765866599855,21.399263651747,18.3068402605058,18.3033199789047,18.3051847598736,18.3039337024233,22.2001672479209,21.0984321781549,21.1021571615461,21.0995750530501,21.0989563663822,21.1006629751933,21.1048331468934,21.0973280865733,21.1009288375404,21.103581363011,21.0956604746811,21.1029332675207,21.1050827003737,21.1037610224765,21.1037413978197,21.0998931679133,21.1054553569214,21.103392091207,21.1031894884806,21.102846176373,21.1061002971964,21.1030270574185,21.0980568888577,21.0966209317052,0.0,0.0,0.0,0.0,991932.823479721,0.0,68.5195183121438,10.1542413166955,6.7,0.0,0.0,402748.71335675,2.05676642153825,35.3519051669286,82.2,0.0,0.0,11731.7411264381,6.205979071592688E-002,14.8314947333543,59.0149717366698,255.832079141087,3041476.63522158,0.0,132.793552539482,21.3626643251051,19.0332135049099,-1748862.76062463,0.0,0.0,0.0,0.0,0.0,0.33,0.0,0.33,1.,1.,1.,1.,0.326482746871093,188685.26946423,686477712.134397,5.20145002140928,1844650595.5271,35.3519051669286,82.2,0.118369492482754,2399163080.35083,350663032.598047,686477712.134397,0.0,360542366.237066,539619837.963264,1958340926.21067,1844650595.5271,50982029.64864,62708301.0349341,,,,,,,,,,,,,,,,,,,,638380230.951533,944897049.399795,139497088.380784,498883142.570729,364258318.130682,603826894.741199,108920138.255546,255338179.875127,264755973.441434,762668015.96523,41071620.6586002,223684352.782828,562107093.073619,1203709523.01988,61174185.2941134,500932907.77949 
 06/01  05:15:00,17.375,,,,,,,,,,,,,,,,,,,,,,,,,,,,,,,,,,,,,,,,,,,,,,,,,,,,,,,,,,,,,,,,,,,,,,,,,,,,,,,,,,,,,,,,,,,,,,,,,,,185647.703505945 
 06/01  05:30:00,16.95,,,,,,,,,,,,,,,,,,,,,,,,,,,,,,,,,,,,,,,,,,,,,,,,,,,,,,,,,,,,,,,,,,,,,,,,,,,,,,,,,,,,,,,,,,,,,,,,,,,182531.797062671 
 06/01  05:45:00,16.525,,,,,,,,,,,,,,,,,,,,,,,,,,,,,,,,,,,,,,,,,,,,,,,,,,,,,,,,,,,,,,,,,,,,,,,,,,,,,,,,,,,,,,,,,,,,,,,,,,,178614.31446179 
 06/01  06:00:00,16.1,9.816632225188832E-003,81.,22.199367860988,22.1800439433808,21.0999551646948,21.0998104666865,21.0995731983208,21.0998632072393,21.100033308196,21.0996731275669,21.4716067215197,21.0946338870527,21.1019091061386,22.2003299845068,21.1106321455625,21.1064008220795,21.1079248323786,21.1012921859449,22.200333853801,21.1025206719648,21.1070704166325,21.0976648441724,19.007413211043,21.1010284328626,21.100774319346,22.1960448038512,22.187133176019,22.1851604114995,21.9882506317944,18.3045996392911,18.2952262855036,18.2987023129901,18.294782360779,22.2003316968962,21.0993700864294,21.476016765529,21.1014581882404,21.1025406165574,21.1017319278968,21.106240598043,21.1056006070109,21.1026724441208,21.1053329099967,21.1012689208955,21.1020409813245,21.1030229706739,21.1061950468494,21.1061420056462,21.0993373845459,21.1099315437306,21.1051082509075,21.1030439631669,21.1049716512957,21.1046412033282,21.1039394609758,21.0992821633106,21.1025092968409,0.0,0.0,0.0,0.0,865391.112514967,0.0,59.529458151188,10.1689860814036,6.7,0.0,0.0,308060.673346853,1.56663028448446,35.1562137096662,82.2,0.0,0.0,11724.2180070238,6.201999413232914E-002,14.831494733348,58.8884334659179,288.497226222256,3188223.61884242,0.0,132.793552539482,20.4489848290619,18.0861261538172,-1877155.93891969,0.0,0.0,0.0,0.0,0.0,0.33,0.0,0.33,1.,1.,1.,1.,0.284976824831073,174428.695658921,649100259.620394,4.79534319490907,1410964916.09246,35.1562137096662,82.2,9.054029062946269E-002,3179493437.94078,366581168.483805,649100259.620394,0.0,635295734.427377,1089404771.51693,1575624349.02628,1410964916.09246,101964059.29728,62695373.6365397,,,,,,,,,,,,,,,,,,,,580957887.47018,874407472.468747,139497088.380784,441460799.08941,334101643.843893,565957238.394744,108920138.255546,225181505.588361,236134677.27275,696085010.30275,55527909.7300207,180606767.542736,370928837.201013,937683500.771447,62636032.1084511,308292805.09255 
 06/01  06:15:00,15.975,,,,,,,,,,,,,,,,,,,,,,,,,,,,,,,,,,,,,,,,,,,,,,,,,,,,,,,,,,,,,,,,,,,,,,,,,,,,,,,,,,,,,,,,,,,,,,,,,,,170732.018998092 
 06/01  06:30:00,15.85,,,,,,,,,,,,,,,,,,,,,,,,,,,,,,,,,,,,,,,,,,,,,,,,,,,,,,,,,,,,,,,,,,,,,,,,,,,,,,,,,,,,,,,,,,,,,,,,,,,167651.720699097 
 06/01  06:45:00,15.725,,,,,,,,,,,,,,,,,,,,,,,,,,,,,,,,,,,,,,,,,,,,,,,,,,,,,,,,,,,,,,,,,,,,,,,,,,,,,,,,,,,,,,,,,,,,,,,,,,,164766.380907009 
 06/01  07:00:00,15.6,9.006004256625611E-003,79.125,22.2010267345557,22.2002016638154,21.1006195690159,21.2816529786803,21.1000568613051,21.1004482244649,21.0998432564033,21.1003378979247,22.0919310251351,21.1062050671827,21.1059458343199,22.2005051629407,21.1104951706519,21.109554753523,21.1069717963288,21.0985764592566,22.2004913082403,21.1017260746483,21.1071738628074,21.0998728384305,19.0522556356917,21.1027922882391,21.0996597305278,22.2004901334335,22.2002613485674,22.2002665374684,22.1999514897913,18.3010528368385,18.296815388499,18.2989035400951,18.3020128948958,22.2005084736851,21.1012658335973,21.844016887217,21.2480882732699,21.1018304168267,21.2074324422371,21.0993755440937,21.1020174363442,21.1078883816873,21.1045698727571,21.1013906538602,21.101670419273,21.103319689645,21.1032356545223,21.1041486527983,21.1050408163996,21.1065131538113,21.1027794110496,21.1012188224389,21.1034690619168,21.1052854311914,21.102797213849,21.1004269759063,21.1066647227751,0.0,0.0,0.0,0.0,735292.209011436,0.0,50.2626440482231,10.1915156543993,6.7,0.0,0.0,285824.385437943,1.44770322246851,34.966587934897,82.2,0.0,0.0,20043.8643549785,0.106030129168637,14.8314947333848,59.00098665918,443.259862104811,2932895.43300485,0.0,132.793552539482,18.8908105242358,16.8012159486839,-1773199.29589157,0.0,0.0,0.0,0.0,0.0,0.33,0.0,0.33,1.,1.,1.,1.,0.242887469242307,162037.695521629,598669034.513243,4.42009440867819,1309119322.61653,34.966587934897,82.2,8.400495475578469E-002,3578887713.58925,381122739.635567,598669034.513243,0.0,875733503.398985,1116394962.69773,1525371864.43929,1309119322.61653,152946088.94592,63306452.8768398,,,,,,,,,,,,,,,,,,,,570165298.898121,810271018.772852,139497088.380784,430668210.517343,339423104.705275,530675565.045117,108920138.255546,230502966.449731,234550425.14182,574185999.796679,66804971.332333,167745453.809499,298687919.44215,707661993.599728,65900541.6579005,232787377.784249 
 06/01  07:15:00,15.875,,,,,,,,,,,,,,,,,,,,,,,,,,,,,,,,,,,,,,,,,,,,,,,,,,,,,,,,,,,,,,,,,,,,,,,,,,,,,,,,,,,,,,,,,,,,,,,,,,,160411.842161144 
 06/01  07:30:00,16.15,,,,,,,,,,,,,,,,,,,,,,,,,,,,,,,,,,,,,,,,,,,,,,,,,,,,,,,,,,,,,,,,,,,,,,,,,,,,,,,,,,,,,,,,,,,,,,,,,,,159807.826870145 
 06/01  07:45:00,16.425,,,,,,,,,,,,,,,,,,,,,,,,,,,,,,,,,,,,,,,,,,,,,,,,,,,,,,,,,,,,,,,,,,,,,,,,,,,,,,,,,,,,,,,,,,,,,,,,,,,159890.998163718 
 06/01  08:00:00,16.7,8.783965216415420E-003,74.875,22.2015017197405,22.2003358940885,21.0999386393367,21.412306601034,21.100784991848,21.1001155801496,21.1004670271068,21.100504103277,22.2033769511093,21.1176360055063,21.1114044812244,22.2005944072337,21.1105793604838,21.1049118982193,21.1108740932698,21.0999672538395,22.2005537574202,21.1020133735708,21.107143978115,21.0965324589626,19.3408569519248,21.1047014086961,21.1049273377396,22.2006024541871,22.200450952979,22.2004539144545,22.2005054969898,18.2990105103775,18.3018298956954,18.3038070681567,18.3055559931538,22.2005959643553,21.1184480542299,22.124242362429,21.4723482888407,21.1112452327493,21.5064428435683,21.1044027115547,21.1065927123938,21.1045599255753,21.1043091494408,21.0979745041905,21.1017411709669,21.1034339158295,21.1006511317252,21.1026610069349,21.1011749100006,21.1070506411031,21.0981341413575,21.0994030375712,21.1051977674636,21.102023758317,21.1010532781006,21.1013417976126,21.1036275913471,0.0,0.0,0.0,0.0,741750.701133201,0.0,49.5984036565632,10.2681469604028,6.7,0.0,0.0,269779.732020151,1.36212759846994,34.8169707030851,82.2,0.0,0.0,24481.1956470004,0.129503188142048,14.8314947334253,59.0285228885965,526.459337431952,2462099.49656926,0.0,132.793552539482,18.0368426058376,16.3035426643007,-1499890.97901416,0.0,0.0,0.0,0.0,0.0,0.33,0.0,0.33,1.,1.,1.,1.,0.245554883126997,160448.015176732,576502814.134565,4.63189717485815,1235632360.39764,34.8169707030851,82.2,7.928936555800258E-002,3710486446.23761,387238575.828835,576502814.134565,0.0,875733503.398985,1116394962.69773,1566775341.34937,1235632360.39764,203928118.59456,127214862.357173,,,,,,,,,,,,,,,,,,,,552107989.738959,808953412.407487,139497088.380784,412610901.358145,335262730.124704,531366290.165702,108920138.255546,226342591.869165,224313518.256328,593708502.9488,70887282.6567006,153426235.59962,279203778.85261,720102948.347895,67934066.5268014,211269712.325809 
 06/01  08:15:00,17.25,,,,,,,,,,,,,,,,,,,,,,,,,,,,,,,,,,,,,,,,,,,,,,,,,,,,,,,,,,,,,,,,,,,,,,,,,,,,,,,,,,,,,,,,,,,,,,,,,,,161765.912356157 
 06/01  08:30:00,17.8,,,,,,,,,,,,,,,,,,,,,,,,,,,,,,,,,,,,,,,,,,,,,,,,,,,,,,,,,,,,,,,,,,,,,,,,,,,,,,,,,,,,,,,,,,,,,,,,,,,163626.061176659 
 06/01  08:45:00,18.35,,,,,,,,,,,,,,,,,,,,,,,,,,,,,,,,,,,,,,,,,,,,,,,,,,,,,,,,,,,,,,,,,,,,,,,,,,,,,,,,,,,,,,,,,,,,,,,,,,,165804.614216562 
 06/01  09:00:00,18.9,8.758749989076784E-003,66.75,22.20164538253,22.2004017150997,21.1000236977351,21.4981603572728,21.1004698886152,21.1001879741885,21.100402641316,21.1052652614935,22.2037716547285,21.1101245870547,21.1162364978475,22.2005857248719,21.1109196327553,21.1120077291852,21.1093619289934,21.1023286334263,22.2005404351837,21.1012205695212,21.1031096035781,21.0950395227355,19.2791935156805,21.1055535676767,21.1026237872895,22.2006132119518,22.2005126796514,22.2005132959274,22.2005527542496,18.292217327678,18.2962009372972,18.2991545134148,18.2966384626756,22.2005905550959,21.3032422780115,22.2019557606295,21.6551699073575,21.2550812230871,21.781624886708,21.1022631047545,21.1014719019739,21.1025788645757,21.1034576634332,21.1047223716833,21.0975587762284,21.1011073352528,21.1044910057373,21.1026913138534,21.1018215923645,21.1074903475181,21.1101642470277,21.0991957767706,21.1067974359359,21.1062260808452,21.104186279124,21.1011594464026,21.0982651884771,0.0,0.0,0.0,0.0,839730.922205303,0.0,53.9990703849017,10.409746892908,6.7,0.0,0.0,254014.351195586,1.27833011153863,34.6616155936081,82.2,0.0,0.0,27877.9121104051,0.147471494003261,14.8314947335241,58.9755893511936,632.171874189457,2299320.82981522,0.0,132.793552539482,18.4066840363084,16.7624438002344,-1386580.58808487,0.0,0.0,0.0,0.0,0.0,0.33,0.0,0.33,1.,1.,1.,1.,0.277487668335791,168152.172605315,593413884.319224,5.09263272320784,1163424509.29276,34.6616155936081,82.2,7.465585571647483E-002,3856308804.26689,392069253.480171,593413884.319224,0.0,875733503.398985,1089404771.51693,1444057592.56055,1163424509.29276,152946088.94592,127686994.321869,,,,,,,,,,,,,,,,,,,,534046332.494677,847667704.440681,139497088.380784,394549244.113899,325328919.410287,555209026.567566,108920138.255546,216408781.154738,212540879.005953,732451459.991802,74175849.9115971,138365029.094363,267106075.922804,889456748.803909,69476176.9232404,197629898.999575 
 06/01  09:15:00,19.175,,,,,,,,,,,,,,,,,,,,,,,,,,,,,,,,,,,,,,,,,,,,,,,,,,,,,,,,,,,,,,,,,,,,,,,,,,,,,,,,,,,,,,,,,,,,,,,,,,,174673.052053722 
 06/01  09:30:00,19.45,,,,,,,,,,,,,,,,,,,,,,,,,,,,,,,,,,,,,,,,,,,,,,,,,,,,,,,,,,,,,,,,,,,,,,,,,,,,,,,,,,,,,,,,,,,,,,,,,,,183111.457376714 
 06/01  09:45:00,19.725,,,,,,,,,,,,,,,,,,,,,,,,,,,,,,,,,,,,,,,,,,,,,,,,,,,,,,,,,,,,,,,,,,,,,,,,,,,,,,,,,,,,,,,,,,,,,,,,,,,193152.889322359 
 06/01  10:00:00,20.,1.030585015537881E-002,71.125,22.2016210441628,22.2003972926375,21.1005000140688,21.5962636859531,21.1008485985971,21.1088091216262,21.1021762250085,21.1437677626816,22.2037476712584,21.1174510268726,21.1072046041388,22.2004781072996,21.1153004421585,21.1074160731367,21.1107495959313,21.1062086002216,22.2004282118145,21.1039440066376,21.1029847255399,21.099376206779,19.7379537632928,21.1044304739796,21.1028116571638,22.2005580021365,22.2004604705846,22.2004590893523,22.2004977582463,18.3034962063426,18.3056428315245,18.309040368913,18.3053949488819,22.2005071405859,21.5672072097626,22.2020039696839,21.8443260525108,21.4863059179435,22.0655029141699,21.1029348349024,21.1056043235711,21.1043333022863,21.1010061069406,21.1051363793109,21.0993294502322,21.1027497233617,21.1027719288999,21.10390265218,21.1038543060867,21.1023746873055,21.1079876444179,21.0980212210913,21.1003806245528,21.1034208675929,21.106981575849,21.1010008358287,21.0990978905847,0.0,0.0,0.0,0.0,1148085.70814478,0.0,72.1443485058813,10.4966970918229,6.7,0.0,0.0,243376.102806638,1.22090660053678,34.5103848457326,82.2,0.0,0.0,32927.8615983167,0.174185270923431,14.8315014332816,59.0032842538847,726.506972684718,2202419.28923583,0.0,132.793552539482,20.1466015426287,18.4777021204498,-1276175.27021955,0.0,0.0,0.0,0.0,0.0,0.33,0.0,0.33,1.,1.,1.,1.,0.378088702628282,204735.879172775,680105950.133013,6.06301231345506,1114699707.51132,34.5103848457326,82.2,7.152923104718698E-002,3990605008.09187,395776829.727297,680105950.133013,0.0,875733503.398985,1116394962.69773,1498085939.72991,1114699707.51132,254910148.2432,128476083.975388,,,,,,,,,,,,,,,,,,,,526872608.99727,964198031.793921,139497088.380784,387375520.616502,304867976.052957,613222839.364763,108920138.255546,195947837.79742,210834624.443783,1120725086.41388,76370628.3231612,134463996.12062,260136899.716125,1388073318.75078,70988974.7588021,189147924.957318 
 06/01  10:15:00,20.275,,,,,,,,,,,,,,,,,,,,,,,,,,,,,,,,,,,,,,,,,,,,,,,,,,,,,,,,,,,,,,,,,,,,,,,,,,,,,,,,,,,,,,,,,,,,,,,,,,,202309.489485251 
 06/01  10:30:00,20.55,,,,,,,,,,,,,,,,,,,,,,,,,,,,,,,,,,,,,,,,,,,,,,,,,,,,,,,,,,,,,,,,,,,,,,,,,,,,,,,,,,,,,,,,,,,,,,,,,,,196433.126247279 
 06/01  10:45:00,20.825,,,,,,,,,,,,,,,,,,,,,,,,,,,,,,,,,,,,,,,,,,,,,,,,,,,,,,,,,,,,,,,,,,,,,,,,,,,,,,,,,,,,,,,,,,,,,,,,,,,189097.918490778 
 06/01  11:00:00,21.1,8.925702141093386E-003,57.875,22.2019513479395,22.2006011914144,21.100454760547,21.7412176244684,21.1050792219189,21.1488559188261,21.1320596944674,21.1894283454593,22.2043303338416,21.1115781152268,21.1140898218676,22.2009082357612,21.1127209404215,21.1106828292842,21.1161889218576,21.1099199901495,22.2009309032309,21.1073003003459,21.1094581888117,21.1028543923557,20.0562522662712,21.1085405110325,21.1117792688223,22.2008668856523,22.2008831457558,22.200887072632,22.200982744233,18.3188313482481,18.3046544673533,18.3055075179466,18.3000879142305,22.2009075999468,21.8910107361056,22.202398881984,22.0509686387403,21.7339764188182,22.2017252256592,21.1038836718304,21.0989669465662,21.1096647635585,21.1077937565587,21.1039665476892,21.0982351609909,21.105376617832,21.1053226782947,21.1070986207641,21.1040147740923,21.1063215099979,21.1008054386416,21.0993932478553,21.1014977371695,21.1080859097354,21.1096149526086,21.1024413195737,21.1025913964029,0.0,0.0,0.0,0.0,1025751.02831252,0.0,62.3144103080919,10.6450969112308,6.7,0.0,0.0,244166.258296932,1.22128565379344,34.3712244976327,82.2,0.0,0.0,34629.0023044987,0.183184199330711,14.8315148584874,59.0041374105236,763.422484811313,3402290.58831375,0.0,132.793552539482,21.498645433572,18.9241336077411,-1973800.08091599,0.0,0.0,0.0,0.0,0.0,0.33,0.0,0.33,1.,1.,1.,1.,0.337700104675155,182158.939781131,692999526.603995,5.30937615105344,1118318740.29129,34.3712244976327,82.2,7.176146097435179E-002,4002152010.23935,399403720.941369,692999526.603995,0.0,875733503.398985,1116394962.69773,1534164244.98449,1118318740.29129,254910148.2432,160935356.449995,,,,,,,,,,,,,,,,,,,,525610088.254763,920331938.397874,139497088.380784,386112999.873996,310639205.880412,603370937.028975,108920138.255546,201719067.62486,213260721.444288,985689506.903502,78100497.8295893,135160223.614705,256867424.83725,1223166955.38876,72885996.4664467,183981428.370808 
 06/01  11:15:00,21.375,,,,,,,,,,,,,,,,,,,,,,,,,,,,,,,,,,,,,,,,,,,,,,,,,,,,,,,,,,,,,,,,,,,,,,,,,,,,,,,,,,,,,,,,,,,,,,,,,,,179384.809563388 
 06/01  11:30:00,21.65,,,,,,,,,,,,,,,,,,,,,,,,,,,,,,,,,,,,,,,,,,,,,,,,,,,,,,,,,,,,,,,,,,,,,,,,,,,,,,,,,,,,,,,,,,,,,,,,,,,176825.360974325 
 06/01  11:45:00,21.925,,,,,,,,,,,,,,,,,,,,,,,,,,,,,,,,,,,,,,,,,,,,,,,,,,,,,,,,,,,,,,,,,,,,,,,,,,,,,,,,,,,,,,,,,,,,,,,,,,,175751.795788753 
 06/01  12:00:00,22.2,7.127802294154555E-003,43.25,22.2024173184573,22.2009751379275,21.1007512341939,21.9364333211602,21.1386569059096,21.1935284295716,21.1731261406506,21.2353381566541,22.2043969917845,21.1156364782846,21.1118164370087,22.2013728068545,21.1070986924449,21.1096278596062,21.1111195110528,21.105709103915,22.2013754874668,21.104370946542,21.1075736991354,21.1053681774374,20.3078333039064,21.1070248302954,21.1027588852091,22.2012823788081,22.2011417270073,22.2011427116323,22.2012156324433,18.3137307565953,18.3019677592432,18.2997098175433,18.2910988510402,22.2013469804105,22.1843959707688,22.2024613334385,22.2003545158811,22.0279832489272,22.2025512588097,21.1031226854214,21.0992603446703,21.1064762409293,21.1045789055623,21.1011492551054,21.1055380440416,21.1036290748746,21.1108411852782,21.1006398267653,21.1066965974606,21.1071977136134,21.1017512492209,21.1010195364852,21.1040164745677,21.1082675281575,21.1076491463982,21.1032935758529,21.1031137099338,0.0,0.0,0.0,0.0,923852.149641376,0.0,50.8235917010421,11.0389164801955,6.7,0.0,0.0,245200.413591986,1.2233001157948,34.2472905921125,82.2,0.0,0.0,29974.5741067971,0.158562653389555,14.8314996730355,58.9876483892622,671.716608957693,3210977.04129309,0.0,132.793552539482,19.9480508082321,17.6179229537333,-1918083.99366532,0.0,0.0,0.0,0.0,0.0,0.33,0.0,0.33,0.5,0.654853372966044,0.0,0.434446260102889,0.304379104807228,174741.561163831,636033174.741266,5.23002731550711,1123055329.42894,34.2472905921125,82.2,7.206540344111630E-002,3788852343.07209,404092246.875101,636033174.741266,0.0,875733503.398985,1116394962.69773,1506004155.5047,1123055329.42894,254910148.2432,128038677.832559,,,,,,,,,,,,,,,,,,,,521066956.7796,850744737.583054,139497088.380784,381569868.398815,325381473.78357,569874183.411111,108920138.255546,216461335.528035,212702175.63737,846383641.45266,80226995.3592396,132475180.278137,253734895.174878,1070337288.26768,75448024.8705285,178286870.304349 
 06/01  12:15:00,22.475,,,,,,,,,,,,,,,,,,,,,,,,,,,,,,,,,,,,,,,,,,,,,,,,,,,,,,,,,,,,,,,,,,,,,,,,,,,,,,,,,,,,,,,,,,,,,,,,,,,174566.247085605 
 06/01  12:30:00,22.75,,,,,,,,,,,,,,,,,,,,,,,,,,,,,,,,,,,,,,,,,,,,,,,,,,,,,,,,,,,,,,,,,,,,,,,,,,,,,,,,,,,,,,,,,,,,,,,,,,,174787.041235377 
 06/01  12:45:00,23.025,,,,,,,,,,,,,,,,,,,,,,,,,,,,,,,,,,,,,,,,,,,,,,,,,,,,,,,,,,,,,,,,,,,,,,,,,,,,,,,,,,,,,,,,,,,,,,,,,,,175318.900091781 
 06/01  13:00:00,23.3,6.893931088489874E-003,39.125,22.2018560519432,22.2006978870805,21.1011088905869,22.1495372994289,21.1787597216258,21.2379244969685,21.2152587990301,21.281181650674,22.2040267330346,21.1074076303376,21.11139393077,22.2006620424245,21.1029868192484,21.106501421078,21.1125437174967,21.1043982485002,22.2006004146127,21.1031032330787,21.104070391042,21.1055789892747,20.2884191817532,21.0953108308283,21.1007696715891,22.2007658186622,22.201019640026,22.2010165939789,22.201042566094,18.3066271022526,18.3057465869755,18.3068140344383,18.303583016071,22.2006744536418,22.2024561972962,22.2017401114246,22.2026286423376,22.2000405109128,22.2021861609198,21.1031018874562,21.1050223846716,21.103187970857,21.1061432168421,21.1030114729926,21.1063865305513,21.1034108418561,21.1076645622831,21.1041165341391,21.1022882828616,21.1015024424653,21.1071451663226,21.1045995812522,21.1050001869172,21.1032685832045,21.1095307767796,21.1014329437583,21.1015425363748,0.0,0.0,0.0,0.0,961743.906700342,0.0,50.7573986579093,11.2225891977395,6.7,0.0,0.0,241279.701863401,1.20084608297465,34.1316704796487,82.2,0.0,0.0,34635.934654134,0.183220873268772,14.8315154621555,58.9953148368247,770.352671121723,2886601.04228759,0.0,132.793552539482,19.5622711577154,17.4725383156542,-1726953.93529954,0.0,0.0,0.0,0.0,0.0,0.33,0.0,0.33,0.0,0.30748294505968,0.0,0.426123114949454,0.316977013522818,176056.931075109,630656207.539086,5.48982598056438,1105097871.13008,34.1316704796487,82.2,7.091309024409617E-002,3908622189.01546,409140516.672888,630656207.539086,0.0,875733503.398985,1089404771.51693,1469951581.89823,1105097871.13008,203928118.59456,160925592.173588,,,,,,,,,,,,,,,,,,,,515446228.997235,863008838.026189,139497088.380784,375949140.616446,323719366.399433,579268182.014318,108920138.255546,214799228.143889,211828149.465921,888029216.72807,82186083.4586484,129642066.007274,251658537.802705,1128766624.36266,78537206.5689064,173121331.233808 
 06/01  13:15:00,23.3,,,,,,,,,,,,,,,,,,,,,,,,,,,,,,,,,,,,,,,,,,,,,,,,,,,,,,,,,,,,,,,,,,,,,,,,,,,,,,,,,,,,,,,,,,,,,,,,,,,176878.724618105 
 06/01  13:30:00,23.3,,,,,,,,,,,,,,,,,,,,,,,,,,,,,,,,,,,,,,,,,,,,,,,,,,,,,,,,,,,,,,,,,,,,,,,,,,,,,,,,,,,,,,,,,,,,,,,,,,,177718.473080237 
 06/01  13:45:00,23.3,,,,,,,,,,,,,,,,,,,,,,,,,,,,,,,,,,,,,,,,,,,,,,,,,,,,,,,,,,,,,,,,,,,,,,,,,,,,,,,,,,,,,,,,,,,,,,,,,,,178639.35220584 
 06/01  14:00:00,23.3,7.094726472829727E-003,39.25,22.2015829844936,22.2005062906825,21.1012236024326,22.2005845459464,21.2185955923,21.2811993162734,21.2574785193871,21.3266556817729,22.2033148426352,21.1101752605014,21.1067412370805,22.2004019253142,21.1057638087669,21.1109818882466,21.1139381617881,21.0976419365987,22.200353633215,21.1003690578641,21.1007626783892,21.1018570848957,20.3264074536889,21.1014979870789,21.0991789911518,22.2005129854573,22.2005511097941,22.2005430628115,22.2004837542879,18.3035245079719,18.3011615000449,18.306853838232,18.3019800822382,22.2004092280602,22.2018598938343,22.2014941103293,22.2020776315661,22.2019767174123,22.2016248872091,21.1005809719326,21.1014458930301,21.1015822127115,21.1073863758923,21.1009283366119,21.1066225730135,21.106981629157,21.1030462549508,21.1019308433273,21.1029553427011,21.1015167026499,21.1058186464818,21.1061177213847,21.1038422934336,21.1087489473974,21.1057551840251,21.1011383902163,21.101736074384,0.0,0.0,0.0,0.0,994743.226726556,0.0,51.3118531895496,11.3273691970724,6.7,0.0,0.0,232835.750415313,1.15606985336313,34.0169910711944,82.2,0.0,0.0,32943.608734831,0.174268582960631,14.8315042988532,58.9488238813386,766.583304551344,2832965.97203815,0.0,132.793552539482,19.8041959345593,17.7343648694863,-1684399.22715057,0.0,0.0,0.0,0.0,0.0,0.33,0.0,0.33,0.0,0.303449277688132,0.0,0.416436500974332,0.327696609870771,179616.062100262,641567350.803999,5.58168597184103,1066423284.34495,34.0169910711944,82.2,6.843137841160232E-002,3926768386.09855,415767693.757589,641567350.803999,0.0,875733503.398985,1089404771.51693,1347871838.07548,1066423284.34495,152946088.94592,128502464.784616,,,,,,,,,,,,,,,,,,,,502883804.116932,877995027.033881,139497088.380784,363386715.736165,318893962.910987,588387045.510813,108920138.255546,209973824.655446,209017452.580526,913208121.556206,84904289.8931149,124113162.687419,248960663.906032,1176445926.82464,82446177.219141,166514486.68689 
 06/01  14:15:00,23.45,,,,,,,,,,,,,,,,,,,,,,,,,,,,,,,,,,,,,,,,,,,,,,,,,,,,,,,,,,,,,,,,,,,,,,,,,,,,,,,,,,,,,,,,,,,,,,,,,,,180348.769589289 
 06/01  14:30:00,23.6,,,,,,,,,,,,,,,,,,,,,,,,,,,,,,,,,,,,,,,,,,,,,,,,,,,,,,,,,,,,,,,,,,,,,,,,,,,,,,,,,,,,,,,,,,,,,,,,,,,180953.574629452 
 06/01  14:45:00,23.75,,,,,,,,,,,,,,,,,,,,,,,,,,,,,,,,,,,,,,,,,,,,,,,,,,,,,,,,,,,,,,,,,,,,,,,,,,,,,,,,,,,,,,,,,,,,,,,,,,,181401.120976395 
 06/01  15:00:00,23.9,7.047207998367079E-003,38.125,22.2015753858932,22.2004571078853,21.1003424773405,22.2005187368097,21.2578600634175,21.3234801897096,21.29971662826,21.3718415302146,22.2033476717145,21.1114205978718,21.1174019780383,22.2004895827669,21.1081269625474,21.10758670991,21.1102070159212,21.1019385591839,22.2004896976069,21.1047155531669,21.1004173650817,21.1039684220248,20.4715279388842,21.0983213366299,21.0994160450758,22.2005363375506,22.2005271144082,22.2005236212459,22.2005111823153,18.3115481515909,18.3062780203938,18.305328984624,18.2928484556685,22.2004757452664,22.2020069968404,22.2015867369239,22.2021709409363,22.2020846528505,22.201653968703,21.0988196479747,21.1028939678,21.1011217170578,21.1061007386858,21.1011009507556,21.1004774238297,21.1091831354097,21.1002496578238,21.1040230030902,21.1054855962534,21.1044007797809,21.1061021343693,21.1022143189199,21.100920564873,21.1035478045907,21.1045813070556,21.1022461020898,21.1014023694499,0.0,0.0,0.0,0.0,1019203.95573875,0.0,51.9563492713725,11.3824612425309,6.7,0.0,0.0,220258.694511968,1.09079783051686,33.8922054408901,82.2,0.0,0.0,31244.3707708436,0.165279876089563,14.8315317423419,59.0283544145962,672.035887854669,2948422.96857698,0.0,132.793552539482,20.1084913506275,17.9426226092687,-1746629.33866042,0.0,0.0,0.0,0.0,0.0,0.33,0.0,0.33,0.0,0.297770536403943,0.0,0.406247831247655,0.335626981050274,181739.182326569,651998382.769535,5.62747497056006,1008818448.14642,33.8922054408901,82.2,6.473493029188472E-002,3946288469.75366,424338457.088356,651998382.769535,0.0,875733503.398985,1089404771.51693,1373008051.74588,1008818448.14642,203928118.59456,160261485.004901,,,,,,,,,,,,,,,,,,,,480790233.735557,887119562.701944,139497088.380784,341293145.354786,313650293.167089,594103901.099958,108920138.255546,204730154.911539,204584133.159295,941927085.747267,88972073.0058055,115612060.153488,245302973.648098,1224492460.4521,86949157.4372173,158353816.210873 
 06/01  15:15:00,24.175,,,,,,,,,,,,,,,,,,,,,,,,,,,,,,,,,,,,,,,,,,,,,,,,,,,,,,,,,,,,,,,,,,,,,,,,,,,,,,,,,,,,,,,,,,,,,,,,,,,182204.247585895 
 06/01  15:30:00,24.45,,,,,,,,,,,,,,,,,,,,,,,,,,,,,,,,,,,,,,,,,,,,,,,,,,,,,,,,,,,,,,,,,,,,,,,,,,,,,,,,,,,,,,,,,,,,,,,,,,,182765.209915407 
 06/01  15:45:00,24.725,,,,,,,,,,,,,,,,,,,,,,,,,,,,,,,,,,,,,,,,,,,,,,,,,,,,,,,,,,,,,,,,,,,,,,,,,,,,,,,,,,,,,,,,,,,,,,,,,,,183396.137039998 
 06/01  16:00:00,25.,6.730886677282112E-003,34.5,22.2017613861615,22.2005646485589,21.1007073803691,22.2006968703746,21.2970140590673,21.3654718413457,21.3421987686524,21.4171172886733,22.2037067727559,21.1111365729243,21.1057075959343,22.2007439786983,21.1103062397712,21.1116459217203,21.11567995536,21.1040903400088,22.2007651872961,21.1016912621192,21.103441150203,21.0979828959699,20.9554603885874,21.1029326081961,21.0995502350713,22.200730674731,22.2008373214958,22.2008380877937,22.200876405395,18.3067376087184,18.310243933696,18.3104274180122,18.3036101523542,22.2007110835843,22.2022578700772,22.2017496117849,22.2023907120802,22.2023040412576,22.2018925303548,21.0990783054015,21.1027125753047,21.10106138897,21.1064464697069,21.1024218272034,21.1050790474754,21.104577897146,21.1098010438567,21.1034922564655,21.1023014199781,21.1046441619435,21.1081712844781,21.1034621894436,21.1025227536584,21.1020378129434,21.1014714464817,21.1020561528837,21.103341974591,0.0,0.0,0.0,0.0,1045180.17306202,0.0,52.1639075779182,11.4828155477449,6.7,0.0,0.0,211604.518592716,1.04522544823594,33.7669694894817,82.2,0.0,0.0,26616.3349322139,0.140797899608196,14.8315037490234,58.9455585167768,621.255515963959,3016481.7038764,0.0,132.793552539482,20.2818036930544,18.0606396556809,-1784012.6781028,0.0,0.0,0.0,0.0,0.0,0.33,0.0,0.33,0.0,0.293515341944136,0.0,0.398124428574352,0.344120693905794,184025.790798499,659152246.805819,5.70820891658421,969181001.18801,33.7669694894817,82.2,6.219143262834053E-002,3984845480.5661,431501056.385432,659152246.805819,0.0,875733503.398985,1116394962.69773,1370706057.1024,969181001.18801,305892177.89184,95632878.0225506,,,,,,,,,,,,,,,,,,,,464219656.942162,896093586.049855,139497088.380784,324722568.561389,310444711.27336,601472050.891246,108920138.255546,201524573.017816,201574397.008225,971437359.17274,92220398.0743647,109353998.93387,242540358.393958,1284286645.69857,90863431.6657343,151676926.728222 
 06/01  16:15:00,24.725,,,,,,,,,,,,,,,,,,,,,,,,,,,,,,,,,,,,,,,,,,,,,,,,,,,,,,,,,,,,,,,,,,,,,,,,,,,,,,,,,,,,,,,,,,,,,,,,,,,183716.022946659 
 06/01  16:30:00,24.45,,,,,,,,,,,,,,,,,,,,,,,,,,,,,,,,,,,,,,,,,,,,,,,,,,,,,,,,,,,,,,,,,,,,,,,,,,,,,,,,,,,,,,,,,,,,,,,,,,,182788.830677243 
 06/01  16:45:00,24.175,,,,,,,,,,,,,,,,,,,,,,,,,,,,,,,,,,,,,,,,,,,,,,,,,,,,,,,,,,,,,,,,,,,,,,,,,,,,,,,,,,,,,,,,,,,,,,,,,,,181539.416433181 
 06/01  17:00:00,23.9,6.212775336872443E-003,32.375,22.2021138563865,22.2008182854224,21.100819946544,22.2011189635918,21.3349433933708,21.4061008211828,21.3835367167872,21.4611171018236,22.2043210263227,21.1179646774339,21.1134343654959,22.2011729174744,21.1110666249032,21.1186203386523,21.1166180782265,21.1038315504694,22.2012305434113,21.1017202604796,21.1027780657089,21.1045043366818,21.1949266958961,21.10203146109,21.1054987366331,22.2011016670589,22.2013927312309,22.2013976160499,22.2015007123317,18.3062185420911,18.2960258076519,18.3126879890275,18.2992860515371,22.2011104644223,22.2028325870727,22.2020355850447,22.202947616454,22.2028571636211,22.202328251451,21.1040979635709,21.1008656002586,21.1056147328225,21.1024419424392,21.1018220082626,21.1025973131949,21.1034303282669,21.1027742630001,21.1039078296733,21.1055151910939,21.1030710469643,21.1043986221504,21.0998662569575,21.1002159049969,21.1045189875504,21.1043219446978,21.102837070988,21.1019991744958,0.0,0.0,0.0,0.0,1049025.24647619,0.0,51.6140327619208,11.551690467023,6.7,0.0,0.0,208183.568600291,1.02595736570073,33.6553824008509,82.2,0.0,0.0,17295.6192693215,9.149218077384616E-002,14.8314975487143,59.0852814500906,350.207837830625,3310264.09696859,0.0,132.793552539482,20.2316330416418,17.8219307482468,-1973269.99042266,0.0,0.0,0.0,0.0,0.0,0.33,0.0,0.33,0.0,0.290959246575468,0.0,0.392560815635406,0.34543932816377,180103.271592762,655332787.484861,5.76286551900479,953512527.940266,33.6553824008509,82.2,6.118600144759967E-002,3985390167.21155,436408239.858417,655332787.484861,0.0,875733503.398985,1116394962.69773,1354033331.48928,953512527.940266,305892177.89184,94628625.6571738,,,,,,,,,,,,,,,,,,,,457688066.836079,881299546.667451,139497088.380784,318190978.455304,308316971.024728,591734281.002087,108920138.255546,199396832.769176,201450197.038846,970138293.097505,94263233.6292252,107186963.409624,240629798.969707,1293529074.53325,93727779.5838587,146902019.385852 
 06/01  17:15:00,23.625,,,,,,,,,,,,,,,,,,,,,,,,,,,,,,,,,,,,,,,,,,,,,,,,,,,,,,,,,,,,,,,,,,,,,,,,,,,,,,,,,,,,,,,,,,,,,,,,,,,175168.292016717 
 06/01  17:30:00,23.35,,,,,,,,,,,,,,,,,,,,,,,,,,,,,,,,,,,,,,,,,,,,,,,,,,,,,,,,,,,,,,,,,,,,,,,,,,,,,,,,,,,,,,,,,,,,,,,,,,,172814.020936425 
 06/01  17:45:00,23.075,,,,,,,,,,,,,,,,,,,,,,,,,,,,,,,,,,,,,,,,,,,,,,,,,,,,,,,,,,,,,,,,,,,,,,,,,,,,,,,,,,,,,,,,,,,,,,,,,,,171239.657990733 
 06/01  18:00:00,22.8,6.416485518526549E-003,35.75,22.5427914873761,22.5586635820879,20.9476217797696,22.6687425569365,21.2160653361334,21.2838532962561,21.269397925501,21.3429740751458,23.1091386629779,21.107173088369,21.0983029764294,22.9720120540642,21.1030139277872,21.0956440815351,21.1010514264047,21.099776453248,23.2434907695796,21.1018032215478,21.099221125474,21.0997973419264,21.2039370779316,18.5323257712906,18.5379353110419,23.198113185136,22.6391530758667,22.6482046249661,23.2023045987294,18.294578646881,18.2974220884376,18.2975025912267,18.3075484562287,22.9772587345155,23.8031666053452,22.6050820674948,23.9200309113973,23.7367409913109,22.7776697229962,21.1015543551826,21.1011991947823,21.0994176529199,21.0995275528518,21.1027819756186,21.098949003304,21.1036637049535,21.1040432428315,21.1005661285546,21.1001729744949,21.1008602231515,21.1027222099495,21.1032227110218,21.0991488195543,21.1016092439025,21.0997789849113,20.3481238093898,19.2930710793844,0.0,0.0,0.0,0.0,886147.82550743,0.0,47.8755794768707,11.1169376393689,6.7,0.0,0.0,212994.338471602,1.04893399802021,33.6213782866808,82.2,0.0,0.0,14228.6270626533,7.526808061574775E-002,14.8314957022767,58.99417701221,316.813681323331,3014968.48378189,0.0,132.793552539482,19.4731654246249,17.3064458429556,-1812619.72871288,0.0,0.0,0.0,0.0,0.0,0.33,0.0,0.33,0.0,0.439729668955973,0.0,0.483334741435793,0.29219863393964,170147.971392156,620432948.102427,5.14007488677535,975546588.419552,33.6213782866808,82.2,6.259990636953536E-002,2901564415.61748,347079588.080072,620432948.102427,0.0,600980135.208674,716799361.708137,1344328573.06587,975546588.419552,305892177.89184,62889806.7544833,,,,,,,,,,,,,,,,,,,,493762212.651962,856268630.477806,139497088.380784,354265124.271186,332403350.563314,575462090.540378,108920138.255546,223483212.307768,123090245.676304,603037560.484139,37488176.1406258,85602069.5356802,163631627.233966,987339102.798494,61174185.2941134,102457441.939857 
 06/01  18:15:00,22.25,,,,,,,,,,,,,,,,,,,,,,,,,,,,,,,,,,,,,,,,,,,,,,,,,,,,,,,,,,,,,,,,,,,,,,,,,,,,,,,,,,,,,,,,,,,,,,,,,,,168801.901571264 
 06/01  18:30:00,21.7,,,,,,,,,,,,,,,,,,,,,,,,,,,,,,,,,,,,,,,,,,,,,,,,,,,,,,,,,,,,,,,,,,,,,,,,,,,,,,,,,,,,,,,,,,,,,,,,,,,167170.243270161 
 06/01  18:45:00,21.15,,,,,,,,,,,,,,,,,,,,,,,,,,,,,,,,,,,,,,,,,,,,,,,,,,,,,,,,,,,,,,,,,,,,,,,,,,,,,,,,,,,,,,,,,,,,,,,,,,,165311.017798446 
 06/01  19:00:00,20.6,6.723168801158655E-003,41.75,22.579643752142,22.6501874065118,20.8852574284861,22.8343121848136,21.1376256225562,21.1944522427406,21.1971359704804,21.2585310968918,23.2919983574487,21.1056413813124,21.1044268786024,23.1141579815293,21.1045906355737,21.1054841015589,21.1071741221199,21.1028140151536,23.4592501930503,21.1029324169141,21.0991384167494,21.1004614551358,20.9148186394659,18.3052834041945,18.3028677098771,23.2805693366702,22.6741252393297,22.6703742357722,23.4813061470002,18.2955003381867,18.2977013802211,18.2986022312179,18.2943643995714,23.1223103610292,23.7554977175663,22.5645910100636,24.0262302591653,23.7782853889873,22.9085433535256,21.09568866122,21.1005805700081,21.0978547386541,21.0977728017651,21.1005838665904,21.0995043671561,21.1020758839083,21.1007642858563,21.1045283628102,21.0996349558006,21.097568953906,21.09922115609,21.1001816983232,21.1002761727058,21.1021384402255,21.1062405438859,20.1529680661007,18.9480869046167,0.0,0.0,0.0,0.0,802297.397063011,0.0,45.8506323168496,10.8755480991502,6.7,0.0,0.0,227669.751593695,1.12216300532886,33.6627052938748,82.2,0.0,0.0,14229.7664106226,7.527410633048473E-002,14.8314949158048,58.9937260126688,316.984536588442,2855348.87749527,0.0,132.793552539482,18.7877023911071,16.7659061897133,-1733237.62209783,0.0,0.0,0.0,0.0,0.0,0.33,0.0,0.33,0.5,0.719864834477987,0.25,0.612501056076844,0.264995677760568,163224.208465963,598056633.99525,4.82849011915274,1042762221.03982,33.6627052938748,82.2,6.691307024970926E-002,2852930498.99999,347079588.080072,598056633.99525,0.0,600980135.208674,689809170.527337,1309581175.80734,1042762221.03982,203928118.59456,62890836.1729582,,,,,,,,,,,,,,,,,,,,515705563.947204,818332212.932662,139497088.380784,376208475.566417,339458043.322176,546367826.312542,108920138.255546,230537905.066645,135513168.716429,554844619.717982,37488176.1406258,98024992.5758,172669546.844425,907472722.753578,61174185.2941134,111495361.550318 
 06/01  19:15:00,19.75,,,,,,,,,,,,,,,,,,,,,,,,,,,,,,,,,,,,,,,,,,,,,,,,,,,,,,,,,,,,,,,,,,,,,,,,,,,,,,,,,,,,,,,,,,,,,,,,,,,160121.731728802 
 06/01  19:30:00,18.9,,,,,,,,,,,,,,,,,,,,,,,,,,,,,,,,,,,,,,,,,,,,,,,,,,,,,,,,,,,,,,,,,,,,,,,,,,,,,,,,,,,,,,,,,,,,,,,,,,,156673.245934731 
 06/01  19:45:00,18.05,,,,,,,,,,,,,,,,,,,,,,,,,,,,,,,,,,,,,,,,,,,,,,,,,,,,,,,,,,,,,,,,,,,,,,,,,,,,,,,,,,,,,,,,,,,,,,,,,,,152711.184655722 
 06/01  20:00:00,17.2,6.403727075271412E-003,47.75,22.182235018088,22.513923151852,20.7259537349804,22.7252422516942,20.9635403556676,21.0135340892746,21.0260708525821,21.0799387172895,22.8008473792183,21.1002445537618,21.1022510067285,22.7654408423371,21.1063257368658,21.1041166624185,21.1053587924914,21.1016252170888,23.0687816980708,21.1030476386538,21.1052906639176,21.1040413551877,20.5707245771643,18.3017593446763,18.3044534987675,22.8769891382896,22.3252589794723,22.3143586869044,23.179336514987,18.3066332229001,18.3076443618806,18.3048776103043,18.3025830515535,22.8128086261272,22.8272543702779,22.1837115464496,23.2347017433984,22.8279621069429,22.5011417297762,21.1023365216492,21.1012086100067,21.1060753158966,21.1051812537826,21.1043221683237,21.1092348115645,21.1054169971439,21.1011892770937,21.106671641992,21.1011738857253,21.1013840182167,21.10479132326,21.104347672656,21.1023078771568,21.1045542338398,21.1008557021712,19.7219528801633,18.380672636272,0.0,0.0,0.0,0.0,669330.098017686,0.0,39.4805068591227,10.7434565483299,6.7,0.0,0.0,276658.04058059,1.36672148478908,33.7719301043441,82.2,0.0,0.0,14228.9481504832,7.526977756241751E-002,14.8314947677009,58.9932011791701,317.133530500372,3011650.55575439,0.0,132.793552539482,17.5849460377552,15.5369626317179,-1874805.09505565,0.0,0.0,0.0,0.0,0.0,0.33,0.0,0.33,1.,1.,1.,1.,0.222226411368837,148428.586958562,556141274.350036,4.32780435636656,1267136063.72789,33.7719301043441,82.2,8.131092854861549E-002,2378057974.65958,347079588.080072,556141274.350036,0.0,360542366.237066,448411296.550061,1533956268.24584,1267136063.72789,203928118.59456,62892085.9233899,,,,,,,,,,,,,,,,,,,,579110276.307316,752051103.25046,139497088.380784,439613187.926545,367497814.102969,495672825.798704,108920138.255546,258577675.847427,167877855.218701,411470115.073496,37488176.1406258,130389679.078083,204621116.049714,684321882.802032,61174185.2941134,143446930.755605 
 06/01  20:15:00,16.375,,,,,,,,,,,,,,,,,,,,,,,,,,,,,,,,,,,,,,,,,,,,,,,,,,,,,,,,,,,,,,,,,,,,,,,,,,,,,,,,,,,,,,,,,,,,,,,,,,,143922.191293579 
 06/01  20:30:00,15.55,,,,,,,,,,,,,,,,,,,,,,,,,,,,,,,,,,,,,,,,,,,,,,,,,,,,,,,,,,,,,,,,,,,,,,,,,,,,,,,,,,,,,,,,,,,,,,,,,,,139491.691895746 
 06/01  20:45:00,14.725,,,,,,,,,,,,,,,,,,,,,,,,,,,,,,,,,,,,,,,,,,,,,,,,,,,,,,,,,,,,,,,,,,,,,,,,,,,,,,,,,,,,,,,,,,,,,,,,,,,135227.712429201 
 06/01  21:00:00,13.9,5.894415645893592E-003,54.375,22.088516654975,22.4381731330094,20.6325607684115,22.5848412622226,20.8594684514675,20.9039013894677,20.923073771041,20.9708407980827,22.4943261278239,21.1047158340912,21.1132324852328,22.6283542141774,21.1115249958362,21.1118968811794,21.1097342207996,21.1084835425213,22.9427372690791,21.104323304264,21.1052142312041,21.1046968961635,20.287395939954,18.3035820691452,18.3028196018706,22.7008659509944,22.1856278888329,22.168566143835,22.9673526909734,18.3018125988776,18.3023107490941,18.2972697840516,18.3010207839709,22.6769237903664,22.1456534406224,21.9252235568644,22.6594453262049,22.0910617413784,22.1091622128607,21.1048347166896,21.1067905030327,21.1063512817557,21.1051984010806,21.1022377331873,21.1058863724582,21.108207773876,21.1041895553645,21.1035811775668,21.1057139453327,21.1070378380508,21.1048350668616,21.1010729116582,21.1030742342942,21.1081560891367,21.1026093833149,19.5482493840983,18.3047145348766,0.0,0.0,0.0,0.0,504722.915807272,0.0,31.0173982919189,10.5799896086084,6.7,0.0,0.0,292459.399495986,1.45057840764568,33.9658505460811,82.2,0.0,0.0,12015.3679639612,6.356014962322307E-002,14.8314947404729,58.9417857950512,281.447778814815,3034493.68141987,0.0,132.793552539482,15.6973529419424,13.7464841164868,-1951423.89565048,0.0,0.0,0.0,0.0,0.0,0.33,0.0,0.33,1.,1.,1.,1.,0.2,130999.974749832,494677413.331522,4.33858364388814,1339508699.98161,33.9658505460811,82.2,8.595501249804431E-002,2170305893.04356,347079588.080072,494677413.331522,0.0,360542366.237066,448411296.550061,1555177135.90592,1339508699.98161,152946088.94592,62722346.9783835,,,,,,,,,,,,,,,,,,,,607280715.259417,678225487.3481,139497088.380784,463411260.109885,373206689.780547,438353058.846556,108920138.255546,264286551.525005,179164423.680414,242036704.620496,37488176.1406258,141676247.539789,215569150.211502,402003477.018569,61174185.2941134,154394964.917392 
 06/01  21:15:00,13.475,,,,,,,,,,,,,,,,,,,,,,,,,,,,,,,,,,,,,,,,,,,,,,,,,,,,,,,,,,,,,,,,,,,,,,,,,,,,,,,,,,,,,,,,,,,,,,,,,,,129671.97183258 
 06/01  21:30:00,13.05,,,,,,,,,,,,,,,,,,,,,,,,,,,,,,,,,,,,,,,,,,,,,,,,,,,,,,,,,,,,,,,,,,,,,,,,,,,,,,,,,,,,,,,,,,,,,,,,,,,129340.053062261 
 06/01  21:45:00,12.625,,,,,,,,,,,,,,,,,,,,,,,,,,,,,,,,,,,,,,,,,,,,,,,,,,,,,,,,,,,,,,,,,,,,,,,,,,,,,,,,,,,,,,,,,,,,,,,,,,,129049.214024911 
 06/01  22:00:00,12.2,5.729033123639206E-003,61.375,21.917137431078,22.3019769404849,20.4837811077321,22.322660899143,20.7038738643347,20.7459505310105,20.7674006272828,20.8125845846869,22.0339034300074,21.1034839618813,21.0996588434149,22.4514791797863,21.1064449044762,21.1117085766261,21.1151487161335,21.1028802592045,22.7885388756385,21.0991944775763,21.107203797813,21.1035313436427,19.8395590017758,18.2994983160728,18.3004104509612,22.4710178878327,21.998162835702,21.9787731390866,22.6450756016299,18.2980970726516,18.3020983157074,18.3064141053772,18.3030895446151,22.4924222561534,21.4610832015069,21.6041492368146,22.072137824693,21.3853650068981,21.6306105048518,21.1080243152263,21.1038691058962,21.1076898442471,21.1041714890327,21.0976154532892,21.1036145484813,21.1012854335704,21.109455315016,21.0992384883522,21.0931568586753,21.1047749649311,21.1073334638977,21.1037266152028,21.0989697711413,21.1012793026857,21.1046679639569,19.3252741375565,18.3027476964717,0.0,0.0,0.0,0.0,385442.458617098,0.0,24.3014031373711,10.4843451427412,6.7,0.0,0.0,312390.738238053,1.55692513305875,34.1977595802044,82.2,0.0,0.0,11727.6085830725,6.203792995847815E-002,14.8314947351419,58.9554417866515,271.182713947337,2798866.32895778,0.0,132.793552539482,14.0778981237837,12.3482627070706,-1838298.20694716,0.0,0.0,0.0,0.0,0.0,0.33,0.0,0.33,1.,1.,1.,1.,0.2,128786.386407573,465162862.794592,4.55229201533743,1430797274.37276,34.1977595802044,82.2,9.181291439358821E-002,1905380525.96894,347079588.080072,465162862.794592,0.0,165934921.037292,448411296.550061,1564142381.20014,1430797274.37276,101964059.29728,31381047.5300981,,,,,,,,,,,,,,,,,,,,649787352.517216,627942470.963395,139497088.380784,491413245.158328,383633319.015088,398738951.218249,108920138.255546,274713180.759547,190661627.697161,125485902.579206,37488176.1406258,153173451.556538,229445835.602366,207800371.474977,61174185.2941134,168271650.308248 
 06/01  22:15:00,12.35,,,,,,,,,,,,,,,,,,,,,,,,,,,,,,,,,,,,,,,,,,,,,,,,,,,,,,,,,,,,,,,,,,,,,,,,,,,,,,,,,,,,,,,,,,,,,,,,,,,128645.24034778 
 06/01  22:30:00,12.5,,,,,,,,,,,,,,,,,,,,,,,,,,,,,,,,,,,,,,,,,,,,,,,,,,,,,,,,,,,,,,,,,,,,,,,,,,,,,,,,,,,,,,,,,,,,,,,,,,,128635.500232357 
 06/01  22:45:00,12.65,,,,,,,,,,,,,,,,,,,,,,,,,,,,,,,,,,,,,,,,,,,,,,,,,,,,,,,,,,,,,,,,,,,,,,,,,,,,,,,,,,,,,,,,,,,,,,,,,,,128712.316178455 
 06/01  23:00:00,12.8,6.343374911373377E-003,69.,21.855298027561,22.2231805896489,20.3874405827598,22.0643736518333,20.601684423506,20.6433059047161,20.6646479462274,20.7093085247304,21.6831332792011,21.1059355103401,21.1005731798085,22.3474339753033,21.108298186365,21.1045206457456,21.0983159803781,21.0937294803232,22.6963763757613,21.0965954641101,21.0980546014929,21.0951754062401,19.4274312333173,18.2943531795179,18.2990034251859,22.3450878205813,21.8820564690423,21.862515689472,22.350741683992,18.2893695973411,18.2953516508552,18.2894279726624,18.2906472058591,22.3869778315762,20.9528363094612,21.4013737330785,21.6151250977974,20.8701878182164,21.2510766306552,21.0983689168326,21.0956018858481,21.1004911205008,21.0936411324044,21.0966591876653,21.1007562213625,21.0966238543133,21.0965271442368,21.1012694043559,21.0974954396029,21.0974549786908,21.100714137107,21.0950779217844,21.1010774829952,21.1026033623172,21.0942785993387,19.1847484130307,18.2975849109404,0.0,0.0,0.0,0.0,370475.745495109,0.0,23.4669479903005,10.4674958237907,6.7,0.0,0.0,318491.765243429,1.59571036482309,34.4503255960607,82.2,0.0,0.0,11725.3886293663,6.202618661343307E-002,14.8314947338172,59.0792906928412,238.978062848668,2114048.3703144,0.0,132.793552539482,13.4013703117797,12.093744471124,-1387538.28609943,0.0,0.0,0.0,0.0,0.0,0.33,0.0,0.33,1.,1.,1.,1.,0.2,128854.05032185,463362396.372397,4.54937853198409,1458740909.51189,34.4503255960607,82.2,9.360603115920338E-002,1888251188.70796,347079588.080072,463362396.372397,0.0,165934921.037292,448411296.550061,1572421765.99436,1458740909.51189,50982029.64864,62698826.8338279,,,,,,,,,,,,,,,,,,,,640830467.881256,621072324.84215,139497088.380784,500255631.432684,386715044.576638,394092567.514011,108920138.255546,277794906.321082,195561674.696755,112296189.228364,37488176.1406258,158073498.556127,236729730.020009,185822466.556005,61174185.2941134,175555544.725906 
 06/01  23:15:00,12.925,,,,,,,,,,,,,,,,,,,,,,,,,,,,,,,,,,,,,,,,,,,,,,,,,,,,,,,,,,,,,,,,,,,,,,,,,,,,,,,,,,,,,,,,,,,,,,,,,,,128981.097213205 
 06/01  23:30:00,13.05,,,,,,,,,,,,,,,,,,,,,,,,,,,,,,,,,,,,,,,,,,,,,,,,,,,,,,,,,,,,,,,,,,,,,,,,,,,,,,,,,,,,,,,,,,,,,,,,,,,129085.087106419 
 06/01  23:45:00,13.175,,,,,,,,,,,,,,,,,,,,,,,,,,,,,,,,,,,,,,,,,,,,,,,,,,,,,,,,,,,,,,,,,,,,,,,,,,,,,,,,,,,,,,,,,,,,,,,,,,,129165.73643128 
 06/01  24:00:00,13.3,6.678033285439831E-003,70.125,21.8093670710367,22.1664452736172,20.3111131603507,21.8105430820553,20.5210540411494,20.5622737684691,20.5834437390169,20.6276179058313,21.3639438540023,21.1028554492588,21.097020256358,22.2679991495794,21.0973806425057,21.098740966389,21.0969017718498,21.1003855536818,22.6247918762592,21.0999454236701,21.099942458564,21.0985576442908,18.7283102658177,18.2978266126985,18.3005982703005,22.2521886239805,21.7895245027024,21.7695392143066,22.0712119285196,18.2909590440833,18.2898810894723,18.2922543843527,18.2926920346867,22.3094378918814,20.5307754071857,21.2478452750802,21.2180412924387,20.4486554023127,20.9212619908155,21.0951897957896,21.1004522255432,21.1002427681404,21.1055335614363,21.1020136128741,21.1030284187944,21.1018389540292,21.1006604558301,21.1001745030999,21.1014893383645,21.0974362771484,21.1044243831573,21.1000521210913,21.1005429553305,21.1016113052048,21.1015262533241,19.0671356857644,18.300586101571,0.0,0.0,0.0,0.0,396201.205031062,0.0,25.1503041944125,10.4593518704933,6.7,0.0,0.0,322875.936290343,1.62566844962546,34.6850392168496,82.2,0.0,0.0,11728.5926369726,6.204313550735714E-002,14.831494733474,58.953772952198,271.62552185493,1964152.35871865,0.0,132.793552539482,13.7307389780596,12.4973800008908,-1278927.30700228,0.0,0.0,0.0,0.0,0.0,0.33,0.0,0.33,1.,1.,1.,1.,0.2,129234.327871535,464819623.760195,4.55203030790335,1478821082.24585,34.6850392168496,82.2,9.489455694357038E-002,1845539223.73119,347079588.080072,464819623.760195,0.0,165934921.037292,407926009.778861,1561917790.10008,1478821082.24585,20392811.859456,62703895.9947732,72799858910.4877,35989717889.7257,26750.7760917683,10.0700530105839,54.4342036788795,46.9983858702895,0.622586368296504,136.290981124827,0.0,1.3951926336775,0.0,0.0,0.835763725990053,4.145132630819996E-004,2.030045890443859E-003,31373.5068766846,0.0,0.0,7686.64572391248,645492637.29441,632743226.351291,139497088.380784,505995548.913639,389362742.932043,403325638.394798,108920138.255546,280442604.67651,199390352.592614,139589046.435457,37488176.1406258,161902176.45199,243352513.322332,231299809.740387,61174185.2941134,182178328.028215 
