Date/Time,Environment:Site Outdoor Air Drybulb Temperature [C](TimeStep),Environment:Site Outdoor Air Humidity Ratio [kgWater/kgDryAir](Hourly),Environment:Site Outdoor Air Relative Humidity [%](Hourly),AUDITORIUM_ZN_1_FLR_1:Zone Mean Air Temperature [C](Hourly),AUX_GYM_ZN_1_FLR_1:Zone Mean Air Temperature [C](Hourly),BATHROOMS_ZN_1_FLR_1:Zone Mean Air Temperature [C](Hourly),BATHROOMS_ZN_1_FLR_2:Zone Mean Air Temperature [C](Hourly),CAFETERIA_ZN_1_FLR_1:Zone Mean Air Temperature [C](Hourly),CORNER_CLASS_1_POD_1_ZN_1_FLR_1:Zone Mean Air Temperature [C](Hourly),CORNER_CLASS_1_POD_1_ZN_1_FLR_2:Zone Mean Air Temperature [C](Hourly),CORNER_CLASS_1_POD_2_ZN_1_FLR_1:Zone Mean Air Temperature [C](Hourly),CORNER_CLASS_1_POD_2_ZN_1_FLR_2:Zone Mean Air Temperature [C](Hourly),CORNER_CLASS_1_POD_3_ZN_1_FLR_1:Zone Mean Air Temperature [C](Hourly),CORNER_CLASS_1_POD_3_ZN_1_FLR_2:Zone Mean Air Temperature [C](Hourly),CORNER_CLASS_2_POD_1_ZN_1_FLR_1:Zone Mean Air Temperature [C](Hourly),CORNER_CLASS_2_POD_1_ZN_1_FLR_2:Zone Mean Air Temperature [C](Hourly),CORNER_CLASS_2_POD_2_ZN_1_FLR_1:Zone Mean Air Temperature [C](Hourly),CORNER_CLASS_2_POD_2_ZN_1_FLR_2:Zone Mean Air Temperature [C](Hourly),CORNER_CLASS_2_POD_3_ZN_1_FLR_1:Zone Mean Air Temperature [C](Hourly),CORNER_CLASS_2_POD_3_ZN_1_FLR_2:Zone Mean Air Temperature [C](Hourly),CORRIDOR_POD_1_ZN_1_FLR_1:Zone Mean Air Temperature [C](Hourly),CORRIDOR_POD_1_ZN_1_FLR_2:Zone Mean Air Temperature [C](Hourly),CORRIDOR_POD_2_ZN_1_FLR_1:Zone Mean Air Temperature [C](Hourly),CORRIDOR_POD_2_ZN_1_FLR_2:Zone Mean Air Temperature [C](Hourly),CORRIDOR_POD_3_ZN_1_FLR_1:Zone Mean Air Temperature [C](Hourly),CORRIDOR_POD_3_ZN_1_FLR_2:Zone Mean Air Temperature [C](Hourly),GYM_ZN_1_FLR_1:Zone Mean Air Temperature [C](Hourly),KITCHEN_ZN_1_FLR_1:Zone Mean Air Temperature [C](Hourly),LIBRARY_MEDIA_CENTER_ZN_1_FLR_2:Zone Mean Air Temperature [C](Hourly),LOBBY_ZN_1_FLR_1:Zone Mean Air Temperature [C](Hourly),LOBBY_ZN_1_FLR_2:Zone Mean Air Temperature [C](Hourly),MAIN_CORRIDOR_ZN_1_FLR_1:Zone Mean Air Temperature [C](Hourly),MAIN_CORRIDOR_ZN_1_FLR_2:Zone Mean Air Temperature [C](Hourly),MECH_ZN_1_FLR_1:Zone Mean Air Temperature [C](Hourly),MECH_ZN_1_FLR_2:Zone Mean Air Temperature [C](Hourly),MULT_CLASS_1_POD_1_ZN_1_FLR_1:Zone Mean Air Temperature [C](Hourly),MULT_CLASS_1_POD_1_ZN_1_FLR_2:Zone Mean Air Temperature [C](Hourly),MULT_CLASS_1_POD_2_ZN_1_FLR_1:Zone Mean Air Temperature [C](Hourly),MULT_CLASS_1_POD_2_ZN_1_FLR_2:Zone Mean Air Temperature [C](Hourly),MULT_CLASS_1_POD_3_ZN_1_FLR_1:Zone Mean Air Temperature [C](Hourly),MULT_CLASS_1_POD_3_ZN_1_FLR_2:Zone Mean Air Temperature [C](Hourly),MULT_CLASS_2_POD_1_ZN_1_FLR_1:Zone Mean Air Temperature [C](Hourly),MULT_CLASS_2_POD_1_ZN_1_FLR_2:Zone Mean Air Temperature [C](Hourly),MULT_CLASS_2_POD_2_ZN_1_FLR_1:Zone Mean Air Temperature [C](Hourly),MULT_CLASS_2_POD_2_ZN_1_FLR_2:Zone Mean Air Temperature [C](Hourly),MULT_CLASS_2_POD_3_ZN_1_FLR_1:Zone Mean Air Temperature [C](Hourly),MULT_CLASS_2_POD_3_ZN_1_FLR_2:Zone Mean Air Temperature [C](Hourly),OFFICES_ZN_1_FLR_1:Zone Mean Air Temperature [C](Hourly),OFFICES_ZN_1_FLR_2:Zone Mean Air Temperature [C](Hourly),COOLSYS1:Plant System Cycle On Off Status [](Hourly),HEATSYS1:Plant System Cycle On Off Status [](Hourly),SWHSYS1:Plant System Cycle On Off Status [](Hourly),COOLSYS1:Plant Supply Side Cooling Demand Rate [W](Hourly),COOLSYS1:Plant Supply Side Heating Demand Rate [W](Hourly),COOLSYS1:Plant Supply Side Inlet Mass Flow Rate [kg/s](Hourly),COOLSYS1:Plant Supply Side Inlet Temperature [C](Hourly),COOLSYS1:Plant Supply Side Outlet Temperature [C](Hourly),COOLSYS1:Plant Supply Side Unmet Demand Rate [W](Hourly),HEATSYS1:Plant Supply Side Cooling Demand Rate [W](Hourly),HEATSYS1:Plant Supply Side Heating Demand Rate [W](Hourly),HEATSYS1:Plant Supply Side Inlet Mass Flow Rate [kg/s](Hourly),HEATSYS1:Plant Supply Side Inlet Temperature [C](Hourly),HEATSYS1:Plant Supply Side Outlet Temperature [C](Hourly),HEATSYS1:Plant Supply Side Unmet Demand Rate [W](Hourly),SWHSYS1:Plant Supply Side Cooling Demand Rate [W](Hourly),SWHSYS1:Plant Supply Side Heating Demand Rate [W](Hourly),SWHSYS1:Plant Supply Side Inlet Mass Flow Rate [kg/s](Hourly),SWHSYS1:Plant Supply Side Inlet Temperature [C](Hourly),SWHSYS1:Plant Supply Side Outlet Temperature [C](Hourly),SWHSYS1:Plant Supply Side Unmet Demand Rate [W](Hourly),PSZ-AC_1:5:Air System Simulation Cycle On Off Status [](Hourly),PSZ-AC_2:6:Air System Simulation Cycle On Off Status [](Hourly),PSZ-AC_3:7:Air System Simulation Cycle On Off Status [](Hourly),PSZ-AC_4:8:Air System Simulation Cycle On Off Status [](Hourly),PSZ-AC_5:9:Air System Simulation Cycle On Off Status [](Hourly),VAV_OTHER:Air System Simulation Cycle On Off Status [](Hourly),VAV_POD_1:Air System Simulation Cycle On Off Status [](Hourly),VAV_POD_2:Air System Simulation Cycle On Off Status [](Hourly),VAV_POD_3:Air System Simulation Cycle On Off Status [](Hourly),PSZ-AC_1:5:Air System Outdoor Air Economizer Status [](Hourly),PSZ-AC_1:5:Air System Outdoor Air Flow Fraction [](Hourly),PSZ-AC_2:6:Air System Outdoor Air Economizer Status [](Hourly),PSZ-AC_2:6:Air System Outdoor Air Flow Fraction [](Hourly),PSZ-AC_3:7:Air System Outdoor Air Economizer Status [](Hourly),PSZ-AC_3:7:Air System Outdoor Air Flow Fraction [](Hourly),PSZ-AC_4:8:Air System Outdoor Air Economizer Status [](Hourly),PSZ-AC_4:8:Air System Outdoor Air Flow Fraction [](Hourly),PSZ-AC_5:9:Air System Outdoor Air Economizer Status [](Hourly),PSZ-AC_5:9:Air System Outdoor Air Flow Fraction [](Hourly),VAV_OTHER:Air System Outdoor Air Economizer Status [](Hourly),VAV_OTHER:Air System Outdoor Air Flow Fraction [](Hourly),VAV_POD_1:Air System Outdoor Air Economizer Status [](Hourly),VAV_POD_1:Air System Outdoor Air Flow Fraction [](Hourly),VAV_POD_2:Air System Outdoor Air Economizer Status [](Hourly),VAV_POD_2:Air System Outdoor Air Flow Fraction [](Hourly),VAV_POD_3:Air System Outdoor Air Economizer Status [](Hourly),VAV_POD_3:Air System Outdoor Air Flow Fraction [](Hourly),COOLSYS1 CHILLER:Chiller Part Load Ratio [](Hourly),COOLSYS1 CHILLER:Chiller Electric Power [W](TimeStep),COOLSYS1 CHILLER:Chiller Electric Energy [J](Hourly),COOLSYS1 CHILLER:Chiller COP [W/W](Hourly),HEATSYS1 BOILER:Boiler Gas Energy [J](Hourly),HEATSYS1 BOILER:Boiler Inlet Temperature [C](Hourly),HEATSYS1 BOILER:Boiler Outlet Temperature [C](Hourly),HEATSYS1 BOILER:Boiler Part Load Ratio [](Hourly),Electricity:Facility [J](Hourly),Fans:Electricity [J](Hourly),Cooling:Electricity [J](Hourly),Heating:Electricity [J](Hourly),InteriorLights:Electricity [J](Hourly),InteriorEquipment:Electricity [J](Hourly),Gas:Facility [J](Hourly),Heating:Gas [J](Hourly),InteriorEquipment:Gas [J](Hourly),Water Heater:WaterSystems:Gas [J](Hourly),Electricity:Facility [J](Monthly),Gas:Facility [J](Monthly),CO2:Facility [kg](Monthly),CO:Facility [kg](Monthly),CH4:Facility [kg](Monthly),NOx:Facility [kg](Monthly),N2O:Facility [kg](Monthly),SO2:Facility [kg](Monthly),PM:Facility [kg](Monthly),PM10:Facility [kg](Monthly),PM2.5:Facility [kg](Monthly),NH3:Facility [kg](Monthly),NMVOC:Facility [kg](Monthly),Hg:Facility [kg](Monthly),Pb:Facility [kg](Monthly),WaterEnvironmentalFactors:Facility [L](Monthly),Nuclear High:Facility [kg](Monthly),Nuclear Low:Facility [m3](Monthly),Carbon Equivalent:Facility [kg](Monthly),PSZ-AC_1:5:Air System Total Heating Energy [J](Hourly),PSZ-AC_1:5:Air System Total Cooling Energy [J](Hourly),PSZ-AC_1:5:Air System Fan Electric Energy [J](Hourly),PSZ-AC_1:5:Air System Heating Coil Hot Water Energy [J](Hourly),PSZ-AC_2:6:Air System Total Heating Energy [J](Hourly),PSZ-AC_2:6:Air System Total Cooling Energy [J](Hourly),PSZ-AC_2:6:Air System Fan Electric Energy [J](Hourly),PSZ-AC_2:6:Air System Heating Coil Hot Water Energy [J](Hourly),PSZ-AC_3:7:Air System Total Heating Energy [J](Hourly),PSZ-AC_3:7:Air System Total Cooling Energy [J](Hourly),PSZ-AC_3:7:Air System Fan Electric Energy [J](Hourly),PSZ-AC_3:7:Air System Heating Coil Hot Water Energy [J](Hourly),PSZ-AC_4:8:Air System Total Heating Energy [J](Hourly),PSZ-AC_4:8:Air System Total Cooling Energy [J](Hourly),PSZ-AC_4:8:Air System Fan Electric Energy [J](Hourly),PSZ-AC_4:8:Air System Heating Coil Hot Water Energy [J](Hourly),PSZ-AC_5:9:Air System Total Heating Energy [J](Hourly),PSZ-AC_5:9:Air System Total Cooling Energy [J](Hourly),PSZ-AC_5:9:Air System Fan Electric Energy [J](Hourly),PSZ-AC_5:9:Air System Heating Coil Hot Water Energy [J](Hourly),VAV_OTHER:Air System Total Heating Energy [J](Hourly),VAV_OTHER:Air System Total Cooling Energy [J](Hourly),VAV_OTHER:Air System Fan Electric Energy [J](Hourly),VAV_OTHER:Air System Heating Coil Hot Water Energy [J](Hourly),VAV_POD_1:Air System Total Heating Energy [J](Hourly),VAV_POD_1:Air System Total Cooling Energy [J](Hourly),VAV_POD_1:Air System Fan Electric Energy [J](Hourly),VAV_POD_1:Air System Heating Coil Hot Water Energy [J](Hourly),VAV_POD_2:Air System Total Heating Energy [J](Hourly),VAV_POD_2:Air System Total Cooling Energy [J](Hourly),VAV_POD_2:Air System Fan Electric Energy [J](Hourly),VAV_POD_2:Air System Heating Coil Hot Water Energy [J](Hourly),VAV_POD_3:Air System Total Heating Energy [J](Hourly),VAV_POD_3:Air System Total Cooling Energy [J](Hourly),VAV_POD_3:Air System Fan Electric Energy [J](Hourly),VAV_POD_3:Air System Heating Coil Hot Water Energy [J](Hourly) 
 06/01  00:15:00,14.5,,,,,,,,,,,,,,,,,,,,,,,,,,,,,,,,,,,,,,,,,,,,,,,,,,,,,,,,,,,,,,,,,,,,,,,,,,,,,,,,,,,,,,,,,,,,,,,,,,0.0 
 06/01  00:30:00,15.7,,,,,,,,,,,,,,,,,,,,,,,,,,,,,,,,,,,,,,,,,,,,,,,,,,,,,,,,,,,,,,,,,,,,,,,,,,,,,,,,,,,,,,,,,,,,,,,,,,0.0 
 06/01  00:45:00,16.9,,,,,,,,,,,,,,,,,,,,,,,,,,,,,,,,,,,,,,,,,,,,,,,,,,,,,,,,,,,,,,,,,,,,,,,,,,,,,,,,,,,,,,,,,,,,,,,,,,0.0 
 06/01  01:00:00,18.1,9.307156053464183E-003,78.375,27.2973188538811,23.4712793590857,23.7582693278836,24.8079560357546,24.3580462082939,24.2827857231076,24.959532913189,24.2112107380225,24.9054765212283,24.215536421401,24.9194820188735,24.2280328822405,24.9004343348199,24.1596736382884,24.855107956542,24.1682283718538,24.8777795192445,25.2959884692659,26.1417233484064,24.7407255313498,25.9338844087432,24.7554123421612,25.9748064115843,24.0208311346817,23.5089497253305,25.6801227516649,24.3305556545451,25.5704195247767,24.2917301276966,25.3514283499126,25.9447943160836,27.1882732767597,24.5521863336414,25.4355334122238,24.4633205050239,25.3573887463447,24.4820793674901,25.4188147935072,24.4773468193505,25.3606339381114,24.4035966882194,25.3103087516847,24.4285297381659,25.3857897229303,24.3298808181433,25.0325769981798,0.0,0.0,0.0,0.0,0.0,0.0,8.67921539642628,8.67921539642628,0.0,0.0,0.0,0.0,66.7000141885834,66.7000141885834,0.0,0.0,1689.71548728022,8.938433637441526E-003,14.8314947334561,59.7238166818389,10.3277462843879,0.0,0.0,1.5,0.0,0.0,0.0,0.0,0.0,0.0,0.0,0.0,0.0,0.0,0.75,0.26753375103738,0.0,0.0,0.0,0.0,0.0,0.0,0.0,0.0,0.0,0.0,0.0,0.0,0.0,0.0,0.0,0.0,0.0,66.7000141885834,66.7000141885834,0.0,465264637.15543,40035124.3252747,0.0,0.0,156648030.7536,189143078.4,17475336.,0.0,17403336.,72000.,,,,,,,,,,,,,,,,,,,,0.0,0.0,0.0,0.0,0.0,0.0,0.0,0.0,40035124.3252747,0.0,40035124.3252747,0.0,0.0,0.0,0.0,0.0,0.0,0.0,0.0,0.0,0.0,0.0,0.0,0.0,0.0,0.0,0.0,0.0,0.0,0.0,0.0,0.0,0.0,0.0,0.0,0.0 
 06/01  01:15:00,18.125,,,,,,,,,,,,,,,,,,,,,,,,,,,,,,,,,,,,,,,,,,,,,,,,,,,,,,,,,,,,,,,,,,,,,,,,,,,,,,,,,,,,,,,,,,,,,,,,,,0.0 
 06/01  01:30:00,18.15,,,,,,,,,,,,,,,,,,,,,,,,,,,,,,,,,,,,,,,,,,,,,,,,,,,,,,,,,,,,,,,,,,,,,,,,,,,,,,,,,,,,,,,,,,,,,,,,,,0.0 
 06/01  01:45:00,18.175,,,,,,,,,,,,,,,,,,,,,,,,,,,,,,,,,,,,,,,,,,,,,,,,,,,,,,,,,,,,,,,,,,,,,,,,,,,,,,,,,,,,,,,,,,,,,,,,,,0.0 
 06/01  02:00:00,18.2,1.143565551207561E-002,85.875,27.2766441767311,23.4914695411961,23.8777196461255,24.775308971899,24.5017790284553,24.4489823688111,25.019069485073,24.3779473894923,24.9634311341253,24.3822868804158,24.9773603668655,24.3931688470761,24.9542195749838,24.3264164878728,24.9076139541677,24.3359906799332,24.9297600759293,25.2693041599801,25.961156813647,24.7280450267741,25.7538677643619,24.7427718860754,25.7925851367887,24.0586751306435,23.4505466213016,25.6870589178931,24.4433527161865,25.5209032394891,24.335079400285,25.2386217510914,25.9020592310346,27.0158376325665,24.7191342137009,25.4799270021711,24.6288741951479,25.4016863399678,24.6473322098743,25.459015062945,24.6424083097654,25.3935668807429,24.572899790619,25.3420962448493,24.5995004874767,25.4111134003598,24.488799319168,25.0892501476803,0.0,0.0,0.0,0.0,0.0,0.0,8.67921539642628,8.67921539642628,0.0,0.0,0.0,0.0,66.7000141885834,66.7000141885834,0.0,0.0,1687.99205087824,8.929316823380769E-003,14.8314947334396,59.1766509411614,30.7650779623213,0.0,0.0,1.5,0.0,0.0,0.0,0.0,0.0,0.0,0.0,0.0,0.0,0.0,0.75,0.365395283661561,0.0,0.0,0.0,0.0,0.0,0.0,0.0,0.0,0.0,0.0,0.0,0.0,0.0,0.0,0.0,0.0,0.0,66.7000141885834,66.7000141885834,0.0,465460052.798443,40035124.3252747,0.0,0.0,156648030.7536,189143078.4,17475336.,0.0,17403336.,72000.,,,,,,,,,,,,,,,,,,,,0.0,0.0,0.0,0.0,0.0,0.0,0.0,0.0,40035124.3252747,0.0,40035124.3252747,0.0,0.0,0.0,0.0,0.0,0.0,0.0,0.0,0.0,0.0,0.0,0.0,0.0,0.0,0.0,0.0,0.0,0.0,0.0,0.0,0.0,0.0,0.0,0.0,0.0 
 06/01  02:15:00,18.2,,,,,,,,,,,,,,,,,,,,,,,,,,,,,,,,,,,,,,,,,,,,,,,,,,,,,,,,,,,,,,,,,,,,,,,,,,,,,,,,,,,,,,,,,,,,,,,,,,0.0 
 06/01  02:30:00,18.2,,,,,,,,,,,,,,,,,,,,,,,,,,,,,,,,,,,,,,,,,,,,,,,,,,,,,,,,,,,,,,,,,,,,,,,,,,,,,,,,,,,,,,,,,,,,,,,,,,0.0 
 06/01  02:45:00,18.2,,,,,,,,,,,,,,,,,,,,,,,,,,,,,,,,,,,,,,,,,,,,,,,,,,,,,,,,,,,,,,,,,,,,,,,,,,,,,,,,,,,,,,,,,,,,,,,,,,0.0 
 06/01  03:00:00,18.2,1.136096029224084E-002,85.125,27.5486930011135,23.3922627705555,23.865239138097,24.6569113513085,24.5080683930005,24.4140972141037,24.9187610974737,24.3428289864382,24.8613955994648,24.3473914050052,24.8753055285847,24.3588037379991,24.8535185336989,24.291664525339,24.8050079773305,24.3010933380004,24.8267948749269,25.2281801294502,25.8195613443904,24.6972622941327,25.6131828943582,24.7120248157178,25.6503441247675,23.9573752011619,23.3735710083836,25.6224917868481,24.4366891386099,25.4045071167199,24.312488090229,25.109093138068,25.8584342707629,26.8843482668323,24.7160455106784,25.4069398783805,24.6245069849924,25.3269730225276,24.6429558408454,25.3817454969853,24.6400969436702,25.3181115881652,24.5700657331309,25.2650359397516,24.5966541732015,25.3280473993039,24.4831436758681,25.0232759406186,0.0,0.0,0.0,0.0,0.0,0.0,8.67921539642628,8.67921539642628,0.0,0.0,0.0,0.0,66.7000141885834,66.7000141885834,0.0,0.0,1688.94732093785,8.934370110808783E-003,14.8314947334251,58.6366084390881,50.9730698414487,0.0,0.0,1.,0.0,0.0,0.0,0.0,0.0,0.0,0.0,0.0,0.0,0.0,0.5,0.251905423418591,0.0,0.0,0.0,0.0,0.0,0.0,0.0,0.0,0.0,0.0,0.0,0.0,0.0,0.0,0.0,0.0,0.0,66.7000141885834,66.7000141885834,0.0,452103073.179676,26690082.8835165,0.0,0.0,156648030.7536,189143078.4,17475336.,0.0,17403336.,72000.,,,,,,,,,,,,,,,,,,,,0.0,0.0,0.0,0.0,0.0,0.0,0.0,0.0,26690082.8835165,0.0,26690082.8835165,0.0,0.0,0.0,0.0,0.0,0.0,0.0,0.0,0.0,0.0,0.0,0.0,0.0,0.0,0.0,0.0,0.0,0.0,0.0,0.0,0.0,0.0,0.0,0.0,0.0 
 06/01  03:15:00,18.225,,,,,,,,,,,,,,,,,,,,,,,,,,,,,,,,,,,,,,,,,,,,,,,,,,,,,,,,,,,,,,,,,,,,,,,,,,,,,,,,,,,,,,,,,,,,,,,,,,0.0 
 06/01  03:30:00,18.25,,,,,,,,,,,,,,,,,,,,,,,,,,,,,,,,,,,,,,,,,,,,,,,,,,,,,,,,,,,,,,,,,,,,,,,,,,,,,,,,,,,,,,,,,,,,,,,,,,0.0 
 06/01  03:45:00,18.275,,,,,,,,,,,,,,,,,,,,,,,,,,,,,,,,,,,,,,,,,,,,,,,,,,,,,,,,,,,,,,,,,,,,,,,,,,,,,,,,,,,,,,,,,,,,,,,,,,0.0 
 06/01  04:00:00,18.3,1.099015130274536E-002,82.125,27.2877898506764,23.2920609506259,23.8451547649824,24.5668452672949,24.5016134370479,24.3693278181652,24.8383761636349,24.297813457785,24.7794742939694,24.3026029087882,24.7933112874669,24.3163610292911,24.773209529803,24.2488816134895,24.7229103147637,24.2581237835602,24.7442904555096,25.180076357409,25.7163907615242,24.6595716825124,25.5114760853567,24.6741591997277,25.5470989536155,23.8464011871114,23.2972554888802,25.5825034868527,24.4150678630252,25.3144620620331,24.2800364477745,25.0147558185064,25.8113743405816,26.7889349873785,24.6971709624764,25.3550311683322,24.60501058641,25.2738825941954,24.6234735011382,25.3258997748431,24.6243643387414,25.265735812794,24.5535874441552,25.2114392486209,24.5791459089311,25.2708414268149,24.4625478595099,24.9747881806207,0.0,0.0,0.0,0.0,0.0,0.0,8.67921539642628,8.67921539642628,0.0,0.0,0.0,0.0,66.7000141885834,66.7000141885834,0.0,0.0,1691.8067957808,8.949496459776812E-003,14.8314947334122,58.7076847719303,48.3884834133511,0.0,0.0,1.5,0.0,0.0,0.0,0.0,0.0,0.0,0.0,0.0,0.0,0.0,0.75,0.393785017586858,0.0,0.0,0.0,0.0,0.0,0.0,0.0,0.0,0.0,0.0,0.0,0.0,0.0,0.0,0.0,0.0,0.0,66.7000141885834,66.7000141885834,0.0,467261307.558716,40035124.3252747,0.0,0.0,156648030.7536,189143078.4,48429002.4611016,0.0,17403336.,31025666.4611016,,,,,,,,,,,,,,,,,,,,0.0,0.0,0.0,0.0,0.0,0.0,0.0,0.0,40035124.3252747,0.0,40035124.3252747,0.0,0.0,0.0,0.0,0.0,0.0,0.0,0.0,0.0,0.0,0.0,0.0,0.0,0.0,0.0,0.0,0.0,0.0,0.0,0.0,0.0,0.0,0.0,0.0,0.0 
 06/01  04:15:00,18.175,,,,,,,,,,,,,,,,,,,,,,,,,,,,,,,,,,,,,,,,,,,,,,,,,,,,,,,,,,,,,,,,,,,,,,,,,,,,,,,,,,,,,,,,,,,,,,,,,,0.0 
 06/01  04:30:00,18.05,,,,,,,,,,,,,,,,,,,,,,,,,,,,,,,,,,,,,,,,,,,,,,,,,,,,,,,,,,,,,,,,,,,,,,,,,,,,,,,,,,,,,,,,,,,,,,,,,,0.0 
 06/01  04:45:00,17.925,,,,,,,,,,,,,,,,,,,,,,,,,,,,,,,,,,,,,,,,,,,,,,,,,,,,,,,,,,,,,,,,,,,,,,,,,,,,,,,,,,,,,,,,,,,,,,,,,,0.0 
 06/01  05:00:00,17.8,1.063775065424075E-002,81.,27.2805580009198,23.2137928460265,23.8111798342779,24.4920032645424,24.4887431198686,24.3097930305422,24.7666719958593,24.2373085883139,24.7061291831614,24.2423195040195,24.7199404281403,24.2586186568775,24.7034116281287,24.1906725260389,24.6515265929502,24.2016204542644,24.6735983416972,25.1295074376645,25.642425678188,24.6185901806335,25.4390643267488,24.6331228118818,25.4733032311646,23.7469648505961,23.2249851435779,25.5619748948114,24.3838742015269,25.243650025532,24.240637405847,24.9450830452172,25.7655962958095,26.721107803124,24.6663525969034,25.316229060129,24.5732476087187,25.2332777108834,24.5916714404134,25.2826956616347,24.5956136429377,25.2282347801024,24.5243360613512,25.1728087952879,24.5513080574474,25.2309169194742,24.4316035117402,24.9386712806563,0.0,0.0,0.0,0.0,0.0,0.0,8.67921539642628,8.67921539642628,0.0,0.0,0.0,0.0,66.7000141885834,66.7000141885834,0.0,0.0,1690.22722528786,8.941140682643376E-003,14.8314947334009,59.5595152262449,16.4791634120694,0.0,0.0,1.5,0.0,0.0,0.0,0.0,0.0,0.0,0.0,0.0,0.0,0.0,0.75,0.3619734647433,0.0,0.0,0.0,0.0,0.0,0.0,0.0,0.0,0.0,0.0,0.0,0.0,0.0,0.0,0.0,0.0,0.0,66.7000141885834,66.7000141885834,0.0,418687668.752017,40035124.3252747,0.0,0.0,156648030.7536,189143078.4,17475336.,0.0,17403336.,72000.,,,,,,,,,,,,,,,,,,,,0.0,0.0,0.0,0.0,0.0,0.0,0.0,0.0,40035124.3252748,0.0,40035124.3252747,0.0,0.0,0.0,0.0,0.0,0.0,0.0,0.0,0.0,0.0,0.0,0.0,0.0,0.0,0.0,0.0,0.0,0.0,0.0,0.0,0.0,0.0,0.0,0.0,0.0 
 06/01  05:15:00,17.375,,,,,,,,,,,,,,,,,,,,,,,,,,,,,,,,,,,,,,,,,,,,,,,,,,,,,,,,,,,,,,,,,,,,,,,,,,,,,,,,,,,,,,,,,,,,,,,,,,36536.8856521449 
 06/01  05:30:00,16.95,,,,,,,,,,,,,,,,,,,,,,,,,,,,,,,,,,,,,,,,,,,,,,,,,,,,,,,,,,,,,,,,,,,,,,,,,,,,,,,,,,,,,,,,,,,,,,,,,,30416.9790359372 
 06/01  05:45:00,16.525,,,,,,,,,,,,,,,,,,,,,,,,,,,,,,,,,,,,,,,,,,,,,,,,,,,,,,,,,,,,,,,,,,,,,,,,,,,,,,,,,,,,,,,,,,,,,,,,,,25334.9260611155 
 06/01  06:00:00,16.1,9.816632225188832E-003,81.,23.6741549336033,21.8480913960101,22.4642103234789,22.9559526867539,21.2805786846953,22.3879987631523,22.2094753176432,22.3420685979921,22.1741488421715,22.3457115242086,22.1781348146359,22.4446306953878,22.2421590494979,22.3877995524611,22.2050767201041,22.3821181245553,22.2094514076253,24.2471588504806,24.2165472615865,23.9849503076078,24.0436717414801,23.9894286735669,24.0489839107061,21.231615009171,22.0651449370113,23.4501402181338,23.5221119668482,23.7207192892978,23.5202615836877,23.4529680471572,23.7934192001589,25.1032810888385,23.280978522161,23.2108049625782,23.2117824152592,23.1615359384072,23.2253669522334,22.9584663424481,23.2264129701526,23.2906015113131,23.176993471177,23.2337921592149,23.2020690902997,23.0059777369385,23.197908153899,23.0069620010884,0.0,0.0,0.0,88152.5650036617,0.0,10.254072733665,8.74401340992829,6.7,0.0,0.0,0.0,0.0,66.7000141885834,66.7000141885834,0.0,0.0,1689.18167880146,8.935609841530027E-003,14.831494733391,59.0142133177337,36.8607688726125,0.0,0.0,0.0,0.0,0.0,0.0,0.0,0.0,0.0,1.,1.,1.,0.769056958209244,1.,1.,0.0,0.498324834091904,1.,1.,1.,1.,1.,1.,1.,1.,1.,1.,0.15,20515.7066538869,101524047.662776,3.13171744733613,0.0,66.7000141885834,66.7000141885834,0.0,745207515.506213,261813586.711353,109639510.17702,0.0,156648030.7536,191659478.4,192782706.507364,175307370.507364,17403336.,72000.,,,,,,,,,,,,,,,,,,,,245411142.085382,0.0,119747600.516129,0.0,33382942.0847732,0.0,33004010.094706,0.0,53380165.767033,37545840.2123059,53380165.767033,0.0,2323262.02640624,174549.355627424,2171941.11502897,0.0,40867893.0383815,0.0,30318155.4905526,0.0,6891045.81635403,102608220.609224,6891045.816354,0.0,5172130.17865842,68511060.8960648,5172130.17865844,0.0,4993582.79363689,66709738.6506191,4993582.79363686,0.0,5336138.36441023,71857592.4164348,5336138.36441026,0.0 
 06/01  06:15:00,15.975,,,,,,,,,,,,,,,,,,,,,,,,,,,,,,,,,,,,,,,,,,,,,,,,,,,,,,,,,,,,,,,,,,,,,,,,,,,,,,,,,,,,,,,,,,,,,,,,,,18149.4808926343 
 06/01  06:30:00,15.85,,,,,,,,,,,,,,,,,,,,,,,,,,,,,,,,,,,,,,,,,,,,,,,,,,,,,,,,,,,,,,,,,,,,,,,,,,,,,,,,,,,,,,,,,,,,,,,,,,15352.5790645674 
 06/01  06:45:00,15.725,,,,,,,,,,,,,,,,,,,,,,,,,,,,,,,,,,,,,,,,,,,,,,,,,,,,,,,,,,,,,,,,,,,,,,,,,,,,,,,,,,,,,,,,,,,,,,,,,,15066.0199147169 
 06/01  07:00:00,15.6,9.006004256625611E-003,79.125,23.2718862093422,21.5764104334448,22.666398048854,23.0288795397693,21.0238689691503,22.6485743688168,22.2498754801801,22.6017546853823,22.2085931188287,22.6050112433116,22.2074410872263,22.724929195447,22.298581517352,22.6697937051995,22.2561455263569,22.6652022925208,22.2549863591175,24.7548799687445,23.9894041833968,24.0457568918961,23.8237483454759,24.0470620986058,23.8052420738592,20.9999015600937,21.910495479167,23.8402234626579,23.9533167402942,23.9611054031961,23.5935967705715,23.258497015802,23.9282848470704,25.2962805757897,23.8456843894803,23.6113748704224,23.7412741426277,23.5535822009867,23.7571644731947,23.2683391182078,23.7739501314646,23.7205380986202,23.7027260117652,23.668677144894,23.745156487851,23.3646336700832,23.5969333605477,23.2361469416794,0.0,0.0,0.0,50410.7877539405,0.0,6.18458981305208,8.64273387711134,6.7,0.0,0.0,0.0,0.0,66.7000141885834,66.7000141885834,0.0,0.0,17951.2797626825,9.496055642113423E-002,14.8314947333599,58.9504321000543,417.060885807009,0.0,0.0,0.0,0.0,0.0,0.0,0.0,0.0,0.0,1.,1.,1.,0.769078501014154,1.,1.,0.0,0.498324834091904,1.,1.,1.,1.,1.,1.,1.,1.,1.,1.,0.15,14726.7580507517,56965354.1304033,3.18635822136075,0.0,66.7000141885834,66.7000141885834,0.0,1326323996.66577,259889457.796611,56965354.1304033,0.0,795167668.8,191659478.4,340371768.68559,228269357.902872,17403336.,94699074.7827178,,,,,,,,,,,,,,,,,,,,297797699.680375,0.0,119747600.516129,0.0,33004010.0947061,0.0,33004010.094706,0.0,53380165.767033,0.0,53380165.767033,0.0,2171941.11502897,0.0,2171941.11502897,0.0,30318155.4905526,0.0,30318155.4905526,0.0,6526711.52817653,56181038.1788524,6526711.52817649,0.0,4595235.0730106,36726311.060379,4595235.07301058,0.0,4491817.2836055,35899550.8816557,4491817.2836055,0.0,4855004.35352484,38814753.671149,4855004.35352485,0.0 
 06/01  07:15:00,15.875,,,,,,,,,,,,,,,,,,,,,,,,,,,,,,,,,,,,,,,,,,,,,,,,,,,,,,,,,,,,,,,,,,,,,,,,,,,,,,,,,,,,,,,,,,,,,,,,,,16845.4363943505 
 06/01  07:30:00,16.15,,,,,,,,,,,,,,,,,,,,,,,,,,,,,,,,,,,,,,,,,,,,,,,,,,,,,,,,,,,,,,,,,,,,,,,,,,,,,,,,,,,,,,,,,,,,,,,,,,19773.8795782616 
 06/01  07:45:00,16.425,,,,,,,,,,,,,,,,,,,,,,,,,,,,,,,,,,,,,,,,,,,,,,,,,,,,,,,,,,,,,,,,,,,,,,,,,,,,,,,,,,,,,,,,,,,,,,,,,,22828.1087650926 
 06/01  08:00:00,16.7,8.783965216415420E-003,74.875,23.559856594091,22.8178621535833,23.6268227218315,23.9331922538019,21.4231281674833,23.9075188988924,23.6275684767164,23.89369515125,23.5875790533349,23.8944320147853,23.5833375763822,23.9257539028962,23.693331864758,23.9139701093552,23.656523354088,23.914200326437,23.6527958444903,25.6873866686141,24.5845043937953,24.9079618319877,24.4311727829826,24.9106301544211,24.4021993347989,21.2919679770785,23.1116613538567,24.0040644575247,24.0002260728952,24.3505634242163,23.9083669247127,23.4424328529724,26.3279386930909,25.6462853061053,24.0024155771418,24.002319683688,24.0022764780557,24.0022824151601,24.0022900206759,23.9893616092417,24.0023133462036,24.0023554935444,24.0022388007578,24.0023147395073,24.0023008541242,23.9951140644439,23.9990010991094,23.9628925294959,0.0,0.0,0.0,67401.0459691026,0.0,7.13198187204444,8.94076515987056,6.7,0.0,0.0,0.0,0.0,66.7000141885834,66.7000141885834,0.0,0.0,23652.7085173589,0.125120570308494,14.8314947333372,59.0288564342155,508.480533784395,0.0,0.0,0.0,0.0,0.0,0.0,0.0,0.0,0.0,1.,1.,1.,0.772170145076519,1.,1.,0.0,0.498324834091904,1.,1.,1.,1.,1.,1.,1.,1.,1.,1.,0.15,26001.4978219086,76904030.303652,3.15796502359497,0.0,66.7000141885834,66.7000141885834,0.0,1701426456.03472,281194942.590494,76929531.1374913,0.0,795167668.8,524349514.918681,225872118.764718,0.0,130525020.,95347098.7647181,,,,,,,,,,,,,,,,,,,,119747600.516129,0.0,119747600.516129,0.0,33004010.0947061,0.0,33004010.094706,0.0,53380165.767033,0.0,53380165.767033,0.0,2171941.11502897,131729.893787297,2171941.11502897,0.0,30318155.4905526,0.0,30318155.4905526,0.0,9894059.00360272,86811631.509515,9894059.00360274,0.0,11254517.8442941,75942944.2673012,11254517.8442941,0.0,10689070.1653106,73018808.2003196,10689070.1653107,0.0,9936606.0189926,72387815.1726152,9936606.01899262,0.0 
 06/01  08:15:00,17.25,,,,,,,,,,,,,,,,,,,,,,,,,,,,,,,,,,,,,,,,,,,,,,,,,,,,,,,,,,,,,,,,,,,,,,,,,,,,,,,,,,,,,,,,,,,,,,,,,,31004.9330220411 
 06/01  08:30:00,17.8,,,,,,,,,,,,,,,,,,,,,,,,,,,,,,,,,,,,,,,,,,,,,,,,,,,,,,,,,,,,,,,,,,,,,,,,,,,,,,,,,,,,,,,,,,,,,,,,,,36519.1561216568 
 06/01  08:45:00,18.35,,,,,,,,,,,,,,,,,,,,,,,,,,,,,,,,,,,,,,,,,,,,,,,,,,,,,,,,,,,,,,,,,,,,,,,,,,,,,,,,,,,,,,,,,,,,,,,,,,42478.7418797724 
 06/01  09:00:00,18.9,8.758749989076784E-003,66.75,23.9863300116887,23.9577593691042,24.1790927834391,24.5334861058182,22.2814251111238,24.0051990431443,24.0038751734381,24.0051938383526,24.0017075156262,24.0051927721711,24.0012764516219,24.0052163136952,24.0046884256978,24.0051927324672,24.0042106584493,24.005213088065,24.0041777579142,25.9722127802255,24.8645414118303,25.2314690273819,24.7169873459569,25.2395033842604,24.6986558720554,22.4975636088671,24.1772368167717,24.0076428368032,24.0005051105258,24.6033668669668,24.0608814037221,23.5554723434739,26.9953339088475,25.8120051796312,24.0053624345643,24.0053914893727,24.0053859934103,24.0053794581911,24.0053845254798,24.0054001829751,24.0054120336171,24.0053351284475,24.0053791247457,24.0053362192049,24.0054055833698,24.0053688731487,24.0024597948273,24.0030225669841,0.0,0.0,0.0,120903.561921901,0.0,9.92603559769859,9.58943138438842,6.7,0.0,0.0,0.0,0.0,66.7000141885834,66.7000141885834,0.0,0.0,32455.66614086,0.171687377039804,14.831495040207,58.9477044626143,756.023920227832,0.0,0.0,0.0,0.0,0.0,0.0,0.0,0.0,0.0,1.,1.,1.,0.938850165280482,1.,1.,0.0,0.498324834091904,1.,1.,1.,1.,1.,1.,1.,1.,1.,1.,0.15,48837.3758995236,142956186.230694,3.05101963100794,0.0,66.7000141885834,66.7000141885834,0.0,1797732331.70145,289278612.139958,162022617.789305,0.0,795167668.8,524349514.918681,258955187.161033,0.0,130525020.,128430167.161033,,,,,,,,,,,,,,,,,,,,119747600.516129,0.0,119747600.516129,0.0,33004010.094706,22857356.1079428,33004010.094706,0.0,53380165.767033,61020825.2280505,53380165.767033,0.0,2171941.11502897,65360.4654701218,2171941.11502897,0.0,30318155.4905527,0.0,30318155.4905526,0.0,11889588.0742587,141345228.862493,11889588.0742587,0.0,13398281.3061775,119601218.100507,13398281.3061774,0.0,12698767.8746462,115114070.021863,12698767.8746462,0.0,11871285.3265819,115270489.561041,11871285.3265819,0.0 
 06/01  09:15:00,19.175,,,,,,,,,,,,,,,,,,,,,,,,,,,,,,,,,,,,,,,,,,,,,,,,,,,,,,,,,,,,,,,,,,,,,,,,,,,,,,,,,,,,,,,,,,,,,,,,,,60849.2413203457 
 06/01  09:30:00,19.45,,,,,,,,,,,,,,,,,,,,,,,,,,,,,,,,,,,,,,,,,,,,,,,,,,,,,,,,,,,,,,,,,,,,,,,,,,,,,,,,,,,,,,,,,,,,,,,,,,76504.0386850789 
 06/01  09:45:00,19.725,,,,,,,,,,,,,,,,,,,,,,,,,,,,,,,,,,,,,,,,,,,,,,,,,,,,,,,,,,,,,,,,,,,,,,,,,,,,,,,,,,,,,,,,,,,,,,,,,,88695.5920706728 
 06/01  10:00:00,20.,1.030585015537881E-002,71.125,23.9915746668563,23.9992188374975,24.4878434751408,24.9089334091711,23.2310848605043,24.0073998963438,24.0070430662568,24.0074804960438,24.0070501765842,24.0073818416605,24.0069490483385,24.0076965571903,24.007147032438,24.0077796974153,24.0071428479715,24.0075846558737,24.0070343772501,26.0783254109155,25.0282327487285,25.326954292547,24.8807825996588,25.33712831537,24.8704789888449,23.6588056771225,25.3925049799263,24.0094360199171,24.0004997606195,24.818236456898,24.1762247582527,23.684726781171,27.0014079604597,25.972490756956,24.0077987902487,24.0073171151101,24.0079542179873,24.007355777533,24.0078446472109,24.0072612298277,24.0082427072349,24.0074493281421,24.0083965332604,24.007450119187,24.0080484193228,24.0073404826923,24.003306164769,24.0036303618614,0.0,0.0,0.0,257513.004531944,0.0,17.7631677358933,10.1336800137284,6.7,0.0,0.0,0.0,0.0,66.7000141885834,66.7000141885834,0.0,0.0,33463.8364466599,0.1770205073373,14.8314964454675,59.0360350685734,714.059139211244,0.0,0.0,0.0,0.0,0.0,0.0,0.0,0.0,0.0,1.,1.,1.,1.,1.,1.,0.0,0.498324834091904,1.,1.,1.,1.,1.,1.,1.,1.,1.,1.,0.180765235688601,101797.557580329,295061786.690784,3.11762340711709,0.0,66.7000141885834,66.7000141885834,0.0,2029349580.14887,295924170.784316,357821560.556493,0.0,795167668.8,545953921.318681,334721291.937728,0.0,174033360.,160687931.937728,,,,,,,,,,,,,,,,,,,,119747600.516129,7127516.03222889,119747600.516129,0.0,33004010.094706,105576858.752079,33004010.094706,0.0,53380165.767033,173321540.514573,53380165.767033,0.0,2171941.11502897,111237.048703989,2171941.11502897,0.0,30318155.4905526,0.0,30318155.4905526,0.0,12645524.9485054,268183728.49378,12645524.9485054,0.0,15491829.0935524,237899219.128876,15491829.0935524,0.0,14685821.380692,228829838.504026,14685821.380692,0.0,13680305.8032728,228620326.111235,13680305.8032728,0.0 
 06/01  10:15:00,20.275,,,,,,,,,,,,,,,,,,,,,,,,,,,,,,,,,,,,,,,,,,,,,,,,,,,,,,,,,,,,,,,,,,,,,,,,,,,,,,,,,,,,,,,,,,,,,,,,,,93259.5049939572 
 06/01  10:30:00,20.55,,,,,,,,,,,,,,,,,,,,,,,,,,,,,,,,,,,,,,,,,,,,,,,,,,,,,,,,,,,,,,,,,,,,,,,,,,,,,,,,,,,,,,,,,,,,,,,,,,83161.0542762247 
 06/01  10:45:00,20.825,,,,,,,,,,,,,,,,,,,,,,,,,,,,,,,,,,,,,,,,,,,,,,,,,,,,,,,,,,,,,,,,,,,,,,,,,,,,,,,,,,,,,,,,,,,,,,,,,,78975.988781597 
 06/01  11:00:00,21.1,8.925702141093386E-003,57.875,23.9895907762387,23.9979504322755,24.7186978736932,25.2281352875656,23.9537954152909,24.0100764665753,24.0099213536491,24.0101650478929,24.0099617833961,24.0102001945465,24.0100112605625,24.0103815086001,24.0099535330707,24.0104616136331,24.0099856797144,24.0104308698718,24.010027385374,26.1564880728278,25.2022022080125,25.3952821664839,25.0535133988255,25.4063028121108,25.0468822582131,23.9939502103636,26.0440902454571,24.0129946646841,24.0021821453951,25.1010895611862,24.2834820134475,23.8516744462366,27.0038632752204,26.1732122766812,24.0119165624393,24.0103129268772,24.0106683654074,24.0103651645622,24.0107018205095,24.0104225515373,24.0109904015717,24.0103467386583,24.0110980021194,24.0103818700437,24.0109718431486,24.0104223497075,24.0057738624019,24.0065392149528,0.0,0.0,0.0,263712.179382098,0.0,17.1299532972097,10.3785060153717,6.7,0.0,0.0,0.0,0.0,66.7000141885834,66.7000141885834,0.0,0.0,36521.8772959089,0.193197259286842,14.8314980939749,58.9924708420678,814.559412810353,0.0,0.0,0.0,0.0,0.0,0.0,0.0,0.0,0.0,1.,1.,1.,1.,1.,1.,0.0,0.498324834091904,1.,1.,1.,1.,1.,1.,1.,1.,1.,1.,0.179498211393889,89806.1371522841,310682416.683657,3.04963232602573,0.0,66.7000141885834,66.7000141885834,0.0,2125924502.18777,303613842.524272,443887641.722804,0.0,795167668.8,545953921.318681,335324489.030573,0.0,174033360.,161291129.030573,,,,,,,,,,,,,,,,,,,,119747600.516129,119113323.092519,119747600.516129,0.0,33004010.0947061,127976110.305169,33004010.094706,0.0,53380165.767033,210171616.533695,53380165.767033,0.0,2171941.11502897,0.0,2171941.11502897,0.0,30318155.4905527,112329894.977315,30318155.4905526,0.0,13083267.300709,246573489.519807,13083267.300709,0.0,18068507.327925,228431315.148786,18068507.327925,0.0,17158457.2058825,220112405.775892,17158457.2058825,0.0,15882921.1314616,220211991.277955,15882921.1314616,0.0 
 06/01  11:15:00,21.375,,,,,,,,,,,,,,,,,,,,,,,,,,,,,,,,,,,,,,,,,,,,,,,,,,,,,,,,,,,,,,,,,,,,,,,,,,,,,,,,,,,,,,,,,,,,,,,,,,89886.9345833888 
 06/01  11:30:00,21.65,,,,,,,,,,,,,,,,,,,,,,,,,,,,,,,,,,,,,,,,,,,,,,,,,,,,,,,,,,,,,,,,,,,,,,,,,,,,,,,,,,,,,,,,,,,,,,,,,,91712.5089388222 
 06/01  11:45:00,21.925,,,,,,,,,,,,,,,,,,,,,,,,,,,,,,,,,,,,,,,,,,,,,,,,,,,,,,,,,,,,,,,,,,,,,,,,,,,,,,,,,,,,,,,,,,,,,,,,,,94476.2284202858 
 06/01  12:00:00,22.2,7.127802294154555E-003,43.25,23.987223719384,23.995880620851,24.9282991213419,25.6036326015593,23.982834395941,24.0121452283143,24.0115856900996,24.012293798963,24.0116469978566,24.0123256982223,24.0116766677659,24.0126160700565,24.0117327249798,24.012748764652,24.0117787633492,24.0126785190126,24.0117953567891,26.2345246071322,25.4236735394823,25.4627954276686,25.2736079154748,25.4748976223845,25.2690565706871,23.9957032290082,26.3715601504889,24.0156619579672,24.0043994443939,25.4852952860772,24.3427766185693,24.0750962743234,27.0068828343584,26.417205240173,24.1412165992077,24.0124359053422,24.0209554940426,24.0125325399751,24.0238548869466,24.0125671017021,24.0137816945561,24.0126088944982,24.0139599944164,24.0126588568539,24.0137603643188,24.0126593772413,24.0084364369681,24.0088999771041,0.0,0.0,0.0,285334.415423412,0.0,21.4180794242411,9.88642456643107,6.7,0.0,0.0,0.0,0.0,66.7000141885834,66.7000141885834,0.0,0.0,38889.5835513692,0.205722191106884,14.8314960967517,58.9646101651718,891.339669646988,0.0,0.0,0.0,0.0,0.0,0.0,0.0,0.0,0.0,1.,1.,1.,1.,1.,1.,0.0,0.498324834091904,1.,1.,1.,1.,1.,1.,1.,1.,1.,1.,0.196149284996522,97466.4441168739,336187904.453434,3.05515906481304,0.0,66.7000141885834,66.7000141885834,0.0,2217834505.16321,314458172.229797,524131358.364745,0.0,795167668.8,545953921.318681,335803200.51242,0.0,174033360.,161769840.51242,,,,,,,,,,,,,,,,,,,,119747600.516129,246162214.332706,119747600.516129,0.0,33004010.0947061,148410547.687402,33004010.094706,0.0,53380165.767033,229923136.62483,53380165.767033,0.0,2171941.11502897,0.0,2171941.11502897,0.0,30318155.4905527,123876510.421265,30318155.4905526,0.0,14376466.0575289,256762780.793478,14376466.0575289,0.0,21175494.6099808,239685103.854731,21175494.6099808,0.0,20565134.4046177,233639735.170722,20565134.4046177,0.0,18920387.5993755,234499668.764898,18920387.5993754,0.0 
 06/01  12:15:00,22.475,,,,,,,,,,,,,,,,,,,,,,,,,,,,,,,,,,,,,,,,,,,,,,,,,,,,,,,,,,,,,,,,,,,,,,,,,,,,,,,,,,,,,,,,,,,,,,,,,,99299.8061557756 
 06/01  12:30:00,22.75,,,,,,,,,,,,,,,,,,,,,,,,,,,,,,,,,,,,,,,,,,,,,,,,,,,,,,,,,,,,,,,,,,,,,,,,,,,,,,,,,,,,,,,,,,,,,,,,,,101706.340157286 
 06/01  12:45:00,23.025,,,,,,,,,,,,,,,,,,,,,,,,,,,,,,,,,,,,,,,,,,,,,,,,,,,,,,,,,,,,,,,,,,,,,,,,,,,,,,,,,,,,,,,,,,,,,,,,,,104851.168458344 
 06/01  13:00:00,23.3,6.893931088489874E-003,39.125,23.9898812485869,23.9978865522772,25.0584449591439,25.924071424326,23.9973076117052,24.0080839881469,24.0074045614368,24.0082098128943,24.0074489727517,24.0082082046116,24.0074453914606,24.0085253485547,24.0076390240906,24.0086149414429,24.0076639838649,24.0085373228231,24.0076457480219,26.3096580382814,25.6603345314872,25.5251409780523,25.5078848222395,25.5392517542728,25.5051768540841,23.9965963412853,25.9919746602066,24.0105164612538,24.0026531735632,25.8327578356184,24.3919399810863,24.3216199428443,27.0040107747137,26.6681640238679,24.270419448388,24.0079749302449,24.0972278267264,24.0080601192916,24.1034867088196,24.00805549813,24.0094517933947,24.0082640345534,24.0095822676362,24.0082924183001,24.0093890507109,24.0082484170204,24.0052327961583,24.0050749375582,0.0,0.0,0.0,318307.98274616,0.0,25.1347062604689,9.72093803491497,6.7,0.0,0.0,0.0,0.0,66.7000141885834,66.7000141885834,0.0,0.0,40246.7452538377,0.212901446603804,14.8314959751089,59.0181638436382,874.753480612701,0.0,0.0,0.0,0.0,0.0,0.0,0.0,0.0,0.0,1.,1.,1.,1.,1.,1.,0.0,0.498324834091904,1.,1.,1.,1.,1.,1.,1.,1.,1.,1.,0.221017618266238,108401.040053931,372832519.342802,3.07327720338919,0.0,66.7000141885834,66.7000141885834,0.0,2280618926.14009,323662416.09761,595631989.683626,0.0,795167668.8,524349514.918681,281502035.628176,69297.0280020112,87016680.,194416058.600174,,,,,,,,,,,,,,,,,,,,119747600.516129,360163473.566163,119747600.516129,0.0,33004010.0947061,173564196.073604,33004010.094706,0.0,53380165.767033,271222035.309644,53380165.767033,0.0,2227378.73743058,0.0,2171941.11502897,0.0,30318155.4905527,60860115.5340324,30318155.4905526,0.0,15568349.4055672,298467875.023858,15568349.4055673,0.0,23892986.61457,281377240.740849,23892986.61457,0.0,23348299.0985455,275142319.36847,23348299.0985455,0.0,21432091.4206339,276327329.716973,21432091.4206339,0.0 
 06/01  13:15:00,23.3,,,,,,,,,,,,,,,,,,,,,,,,,,,,,,,,,,,,,,,,,,,,,,,,,,,,,,,,,,,,,,,,,,,,,,,,,,,,,,,,,,,,,,,,,,,,,,,,,,108221.609292802 
 06/01  13:30:00,23.3,,,,,,,,,,,,,,,,,,,,,,,,,,,,,,,,,,,,,,,,,,,,,,,,,,,,,,,,,,,,,,,,,,,,,,,,,,,,,,,,,,,,,,,,,,,,,,,,,,108790.738907166 
 06/01  13:45:00,23.3,,,,,,,,,,,,,,,,,,,,,,,,,,,,,,,,,,,,,,,,,,,,,,,,,,,,,,,,,,,,,,,,,,,,,,,,,,,,,,,,,,,,,,,,,,,,,,,,,,109639.489214291 
 06/01  14:00:00,23.3,7.094726472829727E-003,39.25,23.9884012743655,23.9981439647567,25.0463748294156,26.1192675237024,23.998774364392,24.0071602553018,24.0063604973747,24.0072879822677,24.0064053273474,24.0072819731425,24.0063974269898,24.0076334311536,24.0066487673761,24.0077207916024,24.0066712122715,24.0076326257341,24.0066479343694,26.4174936132887,25.9289516437864,25.6210715680583,25.7741570122647,25.6367265446666,25.7725040601425,23.9959322122108,25.8626562055695,24.0095639131607,24.0013207504344,26.1329091824429,24.4962131337711,24.6460081003314,27.0022748589513,26.9138382381328,24.3581111605793,24.0068616179061,24.1714198657484,24.0069475621037,24.1774549406358,24.0069370676989,24.0085331071511,24.0072030976588,24.0086594097445,24.0072279597562,24.00844719618,24.007176053162,24.0038103882971,24.0036228579491,0.0,0.0,0.0,338099.328155523,0.0,24.9530242797377,9.93498655620888,6.7,0.0,0.0,0.0,0.0,66.7000141885834,66.7000141885834,0.0,0.0,32789.4596116101,0.173453116150501,14.831495940511,58.9594875114724,755.2503749468,0.0,0.0,0.0,0.0,0.0,0.0,0.0,0.0,0.0,1.,1.,1.,1.,1.,1.,0.0,0.498324834091904,1.,1.,1.,1.,1.,1.,1.,1.,1.,1.,0.235632217285831,110540.648621939,393473237.432578,3.09330158699042,0.0,66.7000141885834,66.7000141885834,0.0,2342053269.47863,334242561.347234,646640907.515415,0.0,795167668.8,524349514.918681,215491417.543799,0.0,87016680.,128474737.543798,,,,,,,,,,,,,,,,,,,,119747600.516129,422584345.59729,119747600.516129,0.0,33004010.0947061,194516550.179513,33004010.094706,0.0,53380165.767033,297335314.69087,53380165.767033,0.0,2171941.11502897,0.0,2171941.11502897,0.0,30318155.4905526,70594123.8084793,30318155.4905526,0.0,16595346.4486833,320267575.459625,16595346.4486833,0.0,27210313.6097327,309018967.688486,27210313.6097328,0.0,26633369.9324844,302384492.924946,26633369.9324844,0.0,24382841.7980393,303679766.490387,24382841.7980394,0.0 
 06/01  14:15:00,23.45,,,,,,,,,,,,,,,,,,,,,,,,,,,,,,,,,,,,,,,,,,,,,,,,,,,,,,,,,,,,,,,,,,,,,,,,,,,,,,,,,,,,,,,,,,,,,,,,,,114819.712128343 
 06/01  14:30:00,23.6,,,,,,,,,,,,,,,,,,,,,,,,,,,,,,,,,,,,,,,,,,,,,,,,,,,,,,,,,,,,,,,,,,,,,,,,,,,,,,,,,,,,,,,,,,,,,,,,,,118147.340046394 
 06/01  14:45:00,23.75,,,,,,,,,,,,,,,,,,,,,,,,,,,,,,,,,,,,,,,,,,,,,,,,,,,,,,,,,,,,,,,,,,,,,,,,,,,,,,,,,,,,,,,,,,,,,,,,,,121227.494561992 
 06/01  15:00:00,23.9,7.047207998367079E-003,38.125,23.9883010020339,23.9982684408283,25.0541940924124,26.2998802338235,23.9997102640637,24.0081831021773,24.0076098615456,24.0082972497884,24.0076366778353,24.008288114095,24.0076296439734,24.0085028420409,24.0077901560439,24.0085629154559,24.0078031117843,24.0084913402032,24.0077852702498,26.5883352968294,26.2353648916349,25.7897547954121,26.0800397762431,25.8053622267865,26.0770757666032,23.9959819081545,25.5098162224238,24.0107102247755,24.0013065470382,26.345537947466,24.8028704159005,25.1169844483316,26.6455445258127,27.0018266442294,24.393939142486,24.0080718412928,24.2102889276764,24.0081206063914,24.215821822346,24.0081123007711,24.0095873395191,24.0082880336032,24.0093782322019,24.0083020002842,24.0295054866136,24.0082640078547,24.0041715162453,24.0045008605232,0.0,0.0,0.0,376254.253237039,0.0,26.1672358087338,10.1312321736351,6.7,0.0,0.0,0.0,0.0,66.7000141885834,66.7000141885834,0.0,0.0,34142.5751863081,0.180610989234464,14.8315010433577,59.0257266495814,736.350435813959,0.0,0.0,0.0,0.0,0.0,0.0,0.0,0.0,0.0,1.,1.,1.,1.,1.,1.,0.0,0.498324834091904,1.,1.,1.,1.,1.,1.,1.,1.,1.,1.,0.26316116937928,124098.927900074,430464127.173123,3.14630149911245,0.0,66.7000141885834,66.7000141885834,0.0,2380463795.46555,345338682.809941,701084951.140934,0.0,795167668.8,496207971.059341,178333063.037997,100103.455828589,17403336.,160829623.582169,,,,,,,,,,,,,,,,,,,,119747600.516129,465216302.777226,119747600.516129,0.0,33004010.0947061,204831095.358957,33004010.094706,0.0,53380165.7670331,313405274.517423,53380165.767033,0.0,2252023.87969184,0.0,2171941.11502897,0.0,30318155.4905526,61656625.5302173,30318155.4905526,0.0,16609421.7974825,331360625.206434,16609421.7974825,0.0,31089152.8464421,338329649.528118,31089152.8464422,0.0,30529558.524843,331531160.674159,30529558.5248431,0.0,27689860.0828792,331899679.077446,27689860.0828793,0.0 
 06/01  15:15:00,24.175,,,,,,,,,,,,,,,,,,,,,,,,,,,,,,,,,,,,,,,,,,,,,,,,,,,,,,,,,,,,,,,,,,,,,,,,,,,,,,,,,,,,,,,,,,,,,,,,,,117944.563864179 
 06/01  15:30:00,24.45,,,,,,,,,,,,,,,,,,,,,,,,,,,,,,,,,,,,,,,,,,,,,,,,,,,,,,,,,,,,,,,,,,,,,,,,,,,,,,,,,,,,,,,,,,,,,,,,,,118527.324281994 
 06/01  15:45:00,24.725,,,,,,,,,,,,,,,,,,,,,,,,,,,,,,,,,,,,,,,,,,,,,,,,,,,,,,,,,,,,,,,,,,,,,,,,,,,,,,,,,,,,,,,,,,,,,,,,,,118298.612842072 
 06/01  16:00:00,25.,6.730886677282112E-003,34.5,23.9915633439653,23.9965403642678,24.5056744979714,26.0096667943392,24.0000076489909,24.0031083483256,24.0027784164963,24.0032269647548,24.0028692598322,24.0029180284028,24.0025437659025,24.0032512952513,24.0028537868574,24.0033460891061,24.0029370563665,24.003012389412,24.0026079196499,26.4411108999695,26.202135069297,25.5918799729407,26.0394693299151,25.6031656159356,26.045316127658,23.9891776214536,25.0157971883249,24.00460137049,24.0010601345177,26.512302235935,25.1028511789773,25.5478634252905,25.5240625087398,27.0013466995286,24.0146927294739,24.0031831434748,24.004774444951,24.0032843861308,24.0045255766735,24.0061046920117,24.0038347751308,24.0033138392963,24.003921899926,24.0033906995942,24.00371161745,24.0062089777038,24.0032160160972,24.0034254674098,0.0,0.0,0.0,364531.313965037,0.0,26.5545746085787,9.97573061197288,6.7,0.0,0.0,0.0,0.0,66.7000141885834,66.7000141885834,0.0,0.0,27674.1432200817,0.14639358367484,14.831497063555,58.9946524562302,615.883027799036,0.0,0.0,0.0,0.0,0.0,0.0,0.0,0.0,0.0,0.0,1.,0.0,0.76689627287177,0.0,1.,0.0,0.498324834091904,0.0,1.,0.5,0.863958002221534,6.250000000000000E-002,0.874333396591168,0.0,0.896208612683724,0.0,0.806666239749911,0.257181811206592,122120.556438188,429201951.683789,3.05765662371747,0.0,66.7000141885834,66.7000141885834,0.0,2459753531.27843,320063311.242194,823384600.346413,0.0,795167668.8,478868630.4,145155942.123825,58964.7001561443,17403336.,127693641.423669,,,,,,,,,,,,,,,,,,,,119747600.516129,803270281.308683,119747600.516129,0.0,33004010.094706,263063014.405005,33004010.094706,0.0,53380165.767033,337634432.783507,53380165.767033,0.0,2219112.87515388,0.0,2171941.11502897,0.0,30318155.4905526,78384349.049062,30318155.4905526,0.0,14935310.2296544,337674871.369658,14935310.2296544,0.0,21610410.6361522,309376432.332407,21610410.6361522,0.0,20441661.8814008,298382469.873578,20441661.8814008,0.0,23655238.9366927,331373034.028004,23655238.9366927,0.0 
 06/01  16:15:00,24.725,,,,,,,,,,,,,,,,,,,,,,,,,,,,,,,,,,,,,,,,,,,,,,,,,,,,,,,,,,,,,,,,,,,,,,,,,,,,,,,,,,,,,,,,,,,,,,,,,,118412.993055267 
 06/01  16:30:00,24.45,,,,,,,,,,,,,,,,,,,,,,,,,,,,,,,,,,,,,,,,,,,,,,,,,,,,,,,,,,,,,,,,,,,,,,,,,,,,,,,,,,,,,,,,,,,,,,,,,,114836.309933959 
 06/01  16:45:00,24.175,,,,,,,,,,,,,,,,,,,,,,,,,,,,,,,,,,,,,,,,,,,,,,,,,,,,,,,,,,,,,,,,,,,,,,,,,,,,,,,,,,,,,,,,,,,,,,,,,,109489.897053991 
 06/01  17:00:00,23.9,6.212775336872443E-003,32.375,23.9881256796655,23.9943851098186,24.107893903092,25.7599835678578,24.0002968566361,24.0036975423087,24.0037387818387,24.0036731675897,24.0036892294413,24.0038044222937,24.0038912332149,24.0037509380541,24.0037515741458,24.0037256567522,24.0037047127787,24.00383889249,24.003901093224,26.2546001511102,26.1154616461301,25.3368235296176,25.9502041499982,25.3410995607792,25.9691275878747,23.9819362274155,24.8126614994508,24.0060060549643,24.0025407348726,26.4005666191053,25.0453668989804,25.6936919883981,25.0891044951276,27.0025284127351,24.0040204749052,24.0038077940113,24.0040220226176,24.0037797683253,24.0040615501198,24.0096192848024,24.004112911951,24.0038695874294,24.0041309183733,24.00384170176,24.0040968214151,24.0097272769957,24.0040737621338,24.0049694514952,0.0,0.0,0.0,306826.637087998,0.0,25.8230833090904,9.55782845944114,6.7,0.0,0.0,0.0,0.0,66.7000141885834,66.7000141885834,0.0,0.0,27676.6887716919,0.146407043228669,14.831495184203,58.9818490440875,623.774415810738,0.0,0.0,0.0,0.0,0.0,0.0,0.0,0.0,0.0,0.25,1.,0.25,0.825172204653827,0.25,1.,0.0,0.498324834091904,0.25,1.,0.75,0.956788558761892,0.25,0.984609059062008,0.25,1.,0.25,0.925543795478399,0.220386412428939,70881.790092952,372258891.122552,2.93854038534006,0.0,66.7000141885834,66.7000141885834,0.0,2066242074.13931,299854589.860588,738083458.516217,0.0,795167668.8,191659478.4,145073133.00386,0.0,17403336.,127669797.00386,,,,,,,,,,,,,,,,,,,,119747600.516129,743862796.502759,119747600.516129,0.0,33004010.0947061,233880566.335262,33004010.094706,0.0,53380165.767033,310715139.994088,53380165.767033,0.0,2171941.11502897,0.0,2171941.11502897,0.0,30318155.4905526,69417480.6132502,30318155.4905526,0.0,11490500.261878,287279638.712231,11490500.261878,0.0,15911515.6431983,265124701.328562,15911515.6431983,0.0,15044985.8946624,255368763.409237,15044985.8946624,0.0,17986898.5025552,288655365.953093,17986898.5025553,0.0 
 06/01  17:15:00,23.625,,,,,,,,,,,,,,,,,,,,,,,,,,,,,,,,,,,,,,,,,,,,,,,,,,,,,,,,,,,,,,,,,,,,,,,,,,,,,,,,,,,,,,,,,,,,,,,,,,98257.2994499476 
 06/01  17:30:00,23.35,,,,,,,,,,,,,,,,,,,,,,,,,,,,,,,,,,,,,,,,,,,,,,,,,,,,,,,,,,,,,,,,,,,,,,,,,,,,,,,,,,,,,,,,,,,,,,,,,,115778.054475399 
 06/01  17:45:00,23.075,,,,,,,,,,,,,,,,,,,,,,,,,,,,,,,,,,,,,,,,,,,,,,,,,,,,,,,,,,,,,,,,,,,,,,,,,,,,,,,,,,,,,,,,,,,,,,,,,,97670.8324802177 
 06/01  18:00:00,22.8,6.416485518526549E-003,35.75,23.9881919349882,23.9942335237312,24.0333026132264,25.7227172054521,23.9996889570924,24.0005054938797,24.0000456295135,24.0005233159771,24.0000285840459,24.0007492149058,24.000250668806,24.0006030978144,24.0000911020597,24.0005991565168,24.000066514512,24.0008010136612,24.0002839140481,26.2278963033179,26.1179192338922,25.27705510935,25.9537803632772,25.278849424932,25.9774095722787,23.9818529485032,24.713001556983,24.0029820176328,24.0011264815269,26.340274054371,24.9264201073257,25.7693714642066,24.9956560999637,27.0013838924501,24.0015972292548,24.0008060780344,24.0017052774987,24.0008149230908,24.0019226381411,24.0066310546321,24.001842769082,24.0009280510605,24.0018716689793,24.0009052752223,24.0019888461098,24.0067442891671,24.0019176235947,24.0016831287838,0.0,0.0,0.0,302173.311726805,0.0,25.9319715663374,9.50893961054813,6.7,0.0,0.0,0.0,0.0,66.7000141885834,66.7000141885834,0.0,0.0,30720.3807238699,0.162507884585448,14.8314955408621,59.0027186856775,678.181533539342,0.0,0.0,0.0,0.0,0.0,0.0,0.0,0.0,0.0,1.,1.,1.,1.,1.,1.,0.0,0.498324834091904,1.,1.,1.,1.,1.,1.,1.,1.,1.,1.,0.210459852749611,89986.6395433293,361523543.354004,3.00092360809657,0.0,66.7000141885834,66.7000141885834,0.0,1999641151.622,295765968.917942,675639326.282061,0.0,795167668.8,191659478.4,145538990.284963,0.0,17403336.,128135654.284963,,,,,,,,,,,,,,,,,,,,119747600.516129,660893630.817096,119747600.516129,0.0,33004010.0947061,202261105.151829,33004010.094706,0.0,53380165.767033,280155182.148468,53380165.767033,0.0,2171941.11502897,0.0,2171941.11502897,0.0,30318155.4905526,46887552.211731,30318155.4905526,0.0,10991572.5124392,254069308.929665,10991572.5124392,0.0,14663189.6881953,231862115.729221,14663189.6881953,0.0,13915958.010462,223558605.687559,13915958.010462,0.0,16774559.1485514,254465745.808939,16774559.1485514,0.0 
 06/01  18:15:00,22.25,,,,,,,,,,,,,,,,,,,,,,,,,,,,,,,,,,,,,,,,,,,,,,,,,,,,,,,,,,,,,,,,,,,,,,,,,,,,,,,,,,,,,,,,,,,,,,,,,,84854.1823360236 
 06/01  18:30:00,21.7,,,,,,,,,,,,,,,,,,,,,,,,,,,,,,,,,,,,,,,,,,,,,,,,,,,,,,,,,,,,,,,,,,,,,,,,,,,,,,,,,,,,,,,,,,,,,,,,,,80082.055929344 
 06/01  18:45:00,21.15,,,,,,,,,,,,,,,,,,,,,,,,,,,,,,,,,,,,,,,,,,,,,,,,,,,,,,,,,,,,,,,,,,,,,,,,,,,,,,,,,,,,,,,,,,,,,,,,,,74737.0679254066 
 06/01  19:00:00,20.6,6.723168801158655E-003,41.75,23.9897045813209,23.9957981843678,24.043616358802,25.7200973566204,23.9377615177417,24.0005457747536,24.0005140445049,24.0005482861065,24.0005140125356,24.0005664735121,24.0005211241996,24.0005668619783,24.0005234599091,24.0005662379082,24.0005225284096,24.0005818209355,24.0005295448242,26.133254751953,26.0126335934431,25.1762182731413,25.8494187094059,25.1785700875087,25.8771350700472,23.9851000597584,24.5565964798613,24.0024587421614,24.0003560578938,26.2288546946801,24.6265337813467,25.5389500038876,24.9382586632622,27.0005882987159,24.0009168717226,24.0006589612121,24.000984999692,24.0006640005464,24.0010442057882,24.0061364466371,24.0010596295936,24.0006961373532,24.0010850085867,24.0006943240553,24.0011073545262,24.0062229135853,24.0008597162781,24.0010479959954,0.0,0.0,0.0,220966.198898596,0.0,22.5766749404561,9.03177529663122,6.7,0.0,0.0,0.0,0.0,66.7000141885834,66.7000141885834,0.0,0.0,8466.56197423213,4.478730497548074E-002,14.8314950319705,58.9348838926068,199.618413289733,0.0,0.0,0.0,0.0,0.0,0.0,0.0,0.0,0.0,1.,1.,1.,1.,1.,1.,0.0,0.498324834091904,1.,1.,1.,1.,1.,1.,1.,1.,1.,1.,0.156715632180255,67810.6556942778,276735565.696547,2.87445931128815,0.0,66.7000141885834,66.7000141885834,0.0,1819408752.10247,288997194.190112,503649045.998585,0.0,795167668.8,191659478.4,48670704.3989765,0.0,17403336.,31267368.3989765,,,,,,,,,,,,,,,,,,,,119747600.516129,498943839.678551,119747600.516129,0.0,33004010.0947061,154418276.991182,33004010.094706,0.0,53380165.767033,224231478.373767,53380165.767033,0.0,2171941.11502897,0.0,2171941.11502897,0.0,30318155.4905526,10154567.8022079,30318155.4905526,0.0,10421139.8203473,205784168.044155,10421139.8203473,0.0,12549103.378502,180534258.526342,12549103.378502,0.0,11947881.3990085,174219404.056958,11947881.3990085,0.0,14658380.0339603,200493190.985427,14658380.0339603,0.0 
 06/01  19:15:00,19.75,,,,,,,,,,,,,,,,,,,,,,,,,,,,,,,,,,,,,,,,,,,,,,,,,,,,,,,,,,,,,,,,,,,,,,,,,,,,,,,,,,,,,,,,,,,,,,,,,,60206.6702520034 
 06/01  19:30:00,18.9,,,,,,,,,,,,,,,,,,,,,,,,,,,,,,,,,,,,,,,,,,,,,,,,,,,,,,,,,,,,,,,,,,,,,,,,,,,,,,,,,,,,,,,,,,,,,,,,,,52185.310714764 
 06/01  19:45:00,18.05,,,,,,,,,,,,,,,,,,,,,,,,,,,,,,,,,,,,,,,,,,,,,,,,,,,,,,,,,,,,,,,,,,,,,,,,,,,,,,,,,,,,,,,,,,,,,,,,,,44486.4410234155 
 06/01  20:00:00,17.2,6.403727075271412E-003,47.75,23.9931722627852,23.9972667414508,23.8832552450041,25.4922169599987,22.508765179596,24.0015453277928,24.0018475080973,24.0015180625897,24.0018375763557,24.0015206315818,24.0018419080534,24.0015277249341,24.0018373921639,24.0015042959816,24.0018301981809,24.0015105747073,24.0018373893634,25.9600485319689,25.7852006777784,24.9950251596297,25.6199436089153,25.0014798996223,25.6550818857628,23.9918266510182,23.7339076828829,24.0031100158845,24.0008357050948,26.0309976299849,24.4571860649508,25.224868581623,24.8872639332876,27.0009444452876,24.0015779046051,24.0018530332864,24.0015761116776,24.0018353324756,24.0015953239044,24.0061226392887,24.0016107095081,24.0018411390396,24.0015918759073,24.0018326095977,24.0016030951937,24.0060860605882,24.0011485304947,24.0018746328675,0.0,0.0,0.0,137830.836144772,0.0,15.9727349476755,8.74294375979073,6.7,0.0,0.0,0.0,0.0,66.7000141885834,66.7000141885834,0.0,0.0,7449.91045695334,3.940931533692847E-002,14.8314948965358,58.9454335032261,173.912181390283,0.0,0.0,0.0,0.0,0.0,0.0,0.0,0.0,0.0,1.,1.,1.,1.,1.,1.,0.0,0.498324834091904,1.,1.,1.,1.,1.,1.,1.,1.,1.,1.,0.15,26297.7866400331,164858587.767194,3.02563589255884,0.0,66.7000141885834,66.7000141885834,0.0,1614188193.32403,278877246.163596,250779210.304793,0.0,795167668.8,191659478.4,48753063.5589926,117880.017252739,17403336.,31231847.5417399,,,,,,,,,,,,,,,,,,,,119747600.516129,181890953.229931,119747600.516129,0.0,33004010.094706,64844822.7975597,33004010.094706,0.0,53380165.767033,95508439.3658509,53380165.767033,0.0,2266245.12883116,0.0,2171941.11502897,0.0,30318155.4905527,0.0,30318155.4905526,0.0,9560992.80959267,131602424.17261,9560992.8095927,0.0,9502576.69753254,106137412.511749,9502576.69753255,0.0,9051060.76087672,102289513.508159,9051060.76087673,0.0,11341926.3373001,119925361.747426,11341926.3373001,0.0 
 06/01  20:15:00,16.375,,,,,,,,,,,,,,,,,,,,,,,,,,,,,,,,,,,,,,,,,,,,,,,,,,,,,,,,,,,,,,,,,,,,,,,,,,,,,,,,,,,,,,,,,,,,,,,,,,1456.98765699318 
 06/01  20:30:00,15.55,,,,,,,,,,,,,,,,,,,,,,,,,,,,,,,,,,,,,,,,,,,,,,,,,,,,,,,,,,,,,,,,,,,,,,,,,,,,,,,,,,,,,,,,,,,,,,,,,,4798.25513022894 
 06/01  20:45:00,14.725,,,,,,,,,,,,,,,,,,,,,,,,,,,,,,,,,,,,,,,,,,,,,,,,,,,,,,,,,,,,,,,,,,,,,,,,,,,,,,,,,,,,,,,,,,,,,,,,,,0.0 
 06/01  21:00:00,13.9,5.894415645893592E-003,54.375,27.0850494689532,24.5184258746743,23.7132602427397,25.3305790297083,23.8828221245417,24.8593236575311,25.6606024641337,24.794835718635,25.6292462762937,24.7974553117234,25.6404457273248,24.82041246094,25.6390299375268,24.7661870848207,25.616432935762,24.7785953272974,25.6359623336924,25.7705348327841,26.5523641638201,25.0227003865392,26.3569622493233,25.0364000884248,26.4122410244461,24.8259010608474,24.1455018359681,24.9911591894835,24.2140687991329,25.8282061654959,24.310528437037,25.3623551991534,25.0476966397482,26.9550129462633,24.725667249976,25.6306138399481,24.636229640433,25.5763349096294,24.6487322554734,25.6596740938065,24.6643615078534,25.5999620807582,24.6022215251165,25.5752885694144,24.6408730475625,25.681740484262,24.1256637050295,24.7207785394428,0.0,0.0,0.0,5821.41442514655,0.0,0.683300677990635,8.73021894920632,7.85967000876843,0.0,0.0,0.0,0.0,66.7000141885834,66.7000141885834,0.0,0.0,7449.10387502578,3.940504853349248E-002,14.8314948263668,58.9332438562869,175.907835757204,0.0,0.0,1.,0.0,0.0,0.857142857142857,0.0,0.0,0.0,0.0,0.0,0.0,0.0,0.5,0.179862543494337,0.0,0.0,0.0,0.0,0.428571428571429,0.428571428571429,0.0,0.0,0.0,0.0,0.0,0.0,6.428571428571431E-002,1016.33550040216,6544420.45886185,1.37714873329674,0.0,66.7000141885834,66.7000141885834,0.0,462786278.421265,29839652.1979859,6544420.45886185,0.0,156648030.7536,189143078.4,48633931.3628518,0.0,17403336.,31230595.3628518,,,,,,,,,,,,,,,,,,,,0.0,0.0,0.0,0.0,0.0,0.0,0.0,0.0,26690082.8835165,0.0,26690082.8835165,0.0,0.0,0.0,0.0,0.0,0.0,0.0,0.0,0.0,2807219.35673486,19368694.5378396,2807219.35673483,0.0,0.0,0.0,0.0,0.0,0.0,0.0,0.0,0.0,0.0,0.0,0.0,0.0 
 06/01  21:15:00,13.475,,,,,,,,,,,,,,,,,,,,,,,,,,,,,,,,,,,,,,,,,,,,,,,,,,,,,,,,,,,,,,,,,,,,,,,,,,,,,,,,,,,,,,,,,,,,,,,,,,2263.86679515998 
 06/01  21:30:00,13.05,,,,,,,,,,,,,,,,,,,,,,,,,,,,,,,,,,,,,,,,,,,,,,,,,,,,,,,,,,,,,,,,,,,,,,,,,,,,,,,,,,,,,,,,,,,,,,,,,,0.0 
 06/01  21:45:00,12.625,,,,,,,,,,,,,,,,,,,,,,,,,,,,,,,,,,,,,,,,,,,,,,,,,,,,,,,,,,,,,,,,,,,,,,,,,,,,,,,,,,,,,,,,,,,,,,,,,,0.0 
 06/01  22:00:00,12.2,5.729033123639206E-003,61.375,27.3011874578332,24.3395663187487,23.4430798718723,24.9274519728245,24.3695749732208,24.5990858280769,25.5985066857275,24.525418931907,25.5550030370256,24.5290120810476,25.5686670041927,24.5499785324468,25.5633833183671,24.4836302461147,25.5297895852802,24.4948713691813,25.5535943466011,25.5667418580375,26.7432170290871,24.9440145194357,26.5351442182191,24.9605124399731,26.5884480488631,24.7700823878305,24.0191007878172,25.1006547106409,24.1126764335978,25.5014981301606,24.1572562076704,25.2211392527414,25.1138143859687,26.8938032102379,24.665280665607,25.8555278493,24.567210565721,25.7874368470533,24.5843566170653,25.8691762860179,24.5885276438125,25.8157162519583,24.513676141442,25.7776144445947,24.5496808336316,25.8812839338714,23.9515712283956,24.6632018232242,0.0,0.0,0.0,1871.22624363543,0.0,0.221805073518111,8.70422380066844,8.20120233560599,0.0,0.0,0.0,0.0,66.7000141885834,66.7000141885834,0.0,0.0,4062.87210991266,2.149220567235835E-002,14.831494793039,59.2998095629124,62.9731750351845,0.0,0.0,1.5,0.0,0.0,0.666666666666667,0.0,0.0,0.0,0.0,0.0,0.0,0.0,0.75,0.261058875724457,0.0,0.0,0.0,0.0,0.333333333333333,0.329586413626733,0.0,0.0,0.0,0.0,0.0,0.0,3.750000000000000E-002,0.0,2037480.11564399,0.826561990147126,0.0,66.7000141885834,66.7000141885834,0.0,469438001.486941,42461437.4810534,2037480.11564399,0.0,156648030.7536,189143078.4,48514334.5035882,0.0,17403336.,31110998.5035882,,,,,,,,,,,,,,,,,,,,0.0,0.0,0.0,0.0,0.0,0.0,0.0,0.0,40035124.3252748,0.0,40035124.3252747,0.0,0.0,0.0,0.0,0.0,0.0,0.0,0.0,0.0,2160040.96642953,4304926.9563245,2160040.96642952,0.0,0.0,0.0,0.0,0.0,0.0,0.0,0.0,0.0,0.0,0.0,0.0,0.0 
 06/01  22:15:00,12.35,,,,,,,,,,,,,,,,,,,,,,,,,,,,,,,,,,,,,,,,,,,,,,,,,,,,,,,,,,,,,,,,,,,,,,,,,,,,,,,,,,,,,,,,,,,,,,,,,,804.852672924924 
 06/01  22:30:00,12.5,,,,,,,,,,,,,,,,,,,,,,,,,,,,,,,,,,,,,,,,,,,,,,,,,,,,,,,,,,,,,,,,,,,,,,,,,,,,,,,,,,,,,,,,,,,,,,,,,,0.0 
 06/01  22:45:00,12.65,,,,,,,,,,,,,,,,,,,,,,,,,,,,,,,,,,,,,,,,,,,,,,,,,,,,,,,,,,,,,,,,,,,,,,,,,,,,,,,,,,,,,,,,,,,,,,,,,,0.0 
 06/01  23:00:00,12.8,6.343374911373377E-003,69.,27.2901195795534,23.9239337973765,23.3078465273211,24.6137679278591,24.3133751633168,24.3234520466656,25.2602975916344,24.2503223621196,25.2114962939782,24.2543473668222,25.2255476768746,24.2688120409399,25.2112895341206,24.2008699273691,25.1720549878315,24.2105643438688,25.1960803482446,25.4403860374202,26.5994108217376,24.8478789122125,26.3874599000788,24.8633914928153,26.4352117719467,24.3936103578085,23.7930538167984,25.0186506001558,24.046229150254,25.2774351390766,24.0900563166374,25.0475800980869,25.1739803977708,26.8132265311331,24.5213904347331,25.6579986936825,24.4268621854737,25.583756136093,24.4450650877242,25.6549553146382,24.4435144874986,25.6037787144801,24.3684741333528,25.5589262238496,24.3987693674768,25.6489464324034,23.8687319329958,24.5104720126439,0.0,0.0,0.0,675.465677741134,0.0,8.093626067266249E-002,8.68209495297318,8.18451344793206,0.0,0.0,0.0,0.0,66.7000141885834,66.7000141885834,0.0,0.0,3047.2895908814,1.611987107591176E-002,14.8314947789186,58.4553238983281,104.204340373889,0.0,0.0,1.5,0.0,0.0,0.5,0.0,0.0,0.0,0.0,0.0,0.0,0.0,0.75,0.231922882671822,0.0,0.0,0.0,0.0,0.25,0.249127152042716,0.0,0.0,0.0,0.0,0.0,0.0,3.750000000000000E-002,0.0,724367.405632432,0.839241392199664,0.0,66.7000141885834,66.7000141885834,0.0,470869362.562026,41854859.1921087,724367.405632432,0.0,156648030.7536,189143078.4,35665655.8742166,0.0,17403336.,18262319.8742166,,,,,,,,,,,,,,,,,,,,0.0,0.0,0.0,0.0,0.0,0.0,0.0,0.0,40035124.3252747,0.0,40035124.3252747,0.0,0.0,0.0,0.0,0.0,0.0,0.0,0.0,0.0,1620030.72482215,202.574635106711,1620030.72482214,0.0,0.0,0.0,0.0,0.0,0.0,0.0,0.0,0.0,0.0,0.0,0.0,0.0 
 06/01  23:15:00,12.925,,,,,,,,,,,,,,,,,,,,,,,,,,,,,,,,,,,,,,,,,,,,,,,,,,,,,,,,,,,,,,,,,,,,,,,,,,,,,,,,,,,,,,,,,,,,,,,,,,0.0 
 06/01  23:30:00,13.05,,,,,,,,,,,,,,,,,,,,,,,,,,,,,,,,,,,,,,,,,,,,,,,,,,,,,,,,,,,,,,,,,,,,,,,,,,,,,,,,,,,,,,,,,,,,,,,,,,0.0 
 06/01  23:45:00,13.175,,,,,,,,,,,,,,,,,,,,,,,,,,,,,,,,,,,,,,,,,,,,,,,,,,,,,,,,,,,,,,,,,,,,,,,,,,,,,,,,,,,,,,,,,,,,,,,,,,0.0 
 06/01  24:00:00,13.3,6.678033285439831E-003,70.125,27.5514259975656,23.6241426889461,23.6865554888324,24.887339995466,24.2843330389159,24.1891706983905,24.9992966481575,24.1166311292344,24.9473205992967,24.1208588344197,24.9614000360212,24.1334506377563,24.9435335997328,24.0647879352964,24.9006069713918,24.073944719625,24.9241570041359,25.3528344669786,26.3756844572342,24.7807418150539,26.1651094141159,24.7956100612527,26.2088760502032,24.1243851829978,23.6109911288222,25.670690556791,24.263377739302,25.6404322705795,24.2779280112996,25.4597263139027,25.9519928555277,27.341746853301,24.464561377305,25.4907612917544,24.3723559627798,25.4137786745728,24.3909558329249,25.4787246093021,24.3878625152273,25.4267035111382,24.3129353891654,25.3781373803953,24.3410832575393,25.4594966536105,24.2203548055663,25.0239591910991,0.0,0.0,0.0,0.0,0.0,0.0,8.67935126390942,8.67935126390942,0.0,0.0,0.0,0.0,66.7000141885834,66.7000141885834,0.0,0.0,1693.69188867593,8.959468428883208E-003,14.8314947713908,59.72370528367,10.3557409755209,0.0,0.0,1.,0.0,0.0,0.0,0.0,0.0,0.0,0.0,0.0,0.0,0.0,0.5,0.162990078441352,0.0,0.0,0.0,0.0,0.0,0.0,0.0,0.0,0.0,0.0,0.0,0.0,0.0,0.0,0.0,0.0,0.0,66.7000141885834,66.7000141885834,0.0,451599359.257331,26690082.8835165,0.0,0.0,156648030.7536,189143078.4,30259419.2636606,0.0,17403336.,12856083.2636606,33029638322.1303,3513752799.64543,11469.2939355335,4.05751384171051,24.6834703322634,20.7172414714527,0.268886514417687,61.8324246247783,0.0,0.586999782972574,0.0,0.0,0.345742909309583,1.866441570592536E-004,9.183117819351056E-004,14234.3076008967,0.0,0.0,3304.21491599986,0.0,0.0,0.0,0.0,0.0,0.0,0.0,0.0,26690082.8835165,0.0,26690082.8835165,0.0,0.0,0.0,0.0,0.0,0.0,0.0,0.0,0.0,0.0,0.0,0.0,0.0,0.0,0.0,0.0,0.0,0.0,0.0,0.0,0.0,0.0,0.0,0.0,0.0 
