Time,PSZ-AC_1:5:Des Heat Mass Flow [kg/s],PSZ-AC_1:5:Des Cool Mass Flow [kg/s],PSZ-AC_1:5:Des Heat Cap [W],PSZ-AC_1:5:Des Sens Cool Cap [W],PSZ-AC_2:6:Des Heat Mass Flow [kg/s],PSZ-AC_2:6:Des Cool Mass Flow [kg/s],PSZ-AC_2:6:Des Heat Cap [W],PSZ-AC_2:6:Des Sens Cool Cap [W],PSZ-AC_3:7:Des Heat Mass Flow [kg/s],PSZ-AC_3:7:Des Cool Mass Flow [kg/s],PSZ-AC_3:7:Des Heat Cap [W],PSZ-AC_3:7:Des Sens Cool Cap [W],PSZ-AC_4:8:Des Heat Mass Flow [kg/s],PSZ-AC_4:8:Des Cool Mass Flow [kg/s],PSZ-AC_4:8:Des Heat Cap [W],PSZ-AC_4:8:Des Sens Cool Cap [W],PSZ-AC_5:9:Des Heat Mass Flow [kg/s],PSZ-AC_5:9:Des Cool Mass Flow [kg/s],PSZ-AC_5:9:Des Heat Cap [W],PSZ-AC_5:9:Des Sens Cool Cap [W],VAV_OTHER:Des Heat Mass Flow [kg/s],VAV_OTHER:Des Cool Mass Flow [kg/s],VAV_OTHER:Des Heat Cap [W],VAV_OTHER:Des Sens Cool Cap [W],VAV_POD_1:Des Heat Mass Flow [kg/s],VAV_POD_1:Des Cool Mass Flow [kg/s],VAV_POD_1:Des Heat Cap [W],VAV_POD_1:Des Sens Cool Cap [W],VAV_POD_2:Des Heat Mass Flow [kg/s],VAV_POD_2:Des Cool Mass Flow [kg/s],VAV_POD_2:Des Heat Cap [W],VAV_POD_2:Des Sens Cool Cap [W],VAV_POD_3:Des Heat Mass Flow [kg/s],VAV_POD_3:Des Cool Mass Flow [kg/s],VAV_POD_3:Des Heat Cap [W],VAV_POD_3:Des Sens Cool Cap [W] 
00:15:00,2.323548E+01,2.323548E+01,1.414911E+06,2.210040E+05,4.406919E+00,4.406919E+00,2.683568E+05,4.191636E+04,9.294192E+00,9.294192E+00,5.659646E+05,8.840161E+04,3.047893E-01,3.047893E-01,1.855997E+04,2.899000E+03,5.278792E+00,5.278792E+00,3.214490E+05,5.020917E+04,6.422648E+00,5.778544E+00,2.016585E+05,5.571040E+04,5.935991E+00,5.794760E+00,2.165853E+05,5.511679E+04,5.935823E+00,5.794760E+00,2.165860E+05,5.511679E+04,5.936357E+00,5.794760E+00,2.165837E+05,5.511679E+04 
00:30:00,2.323548E+01,2.323548E+01,1.414911E+06,2.172566E+05,4.406919E+00,4.406919E+00,2.683568E+05,4.120562E+04,9.294192E+00,9.294192E+00,5.659646E+05,8.690264E+04,3.047893E-01,3.047893E-01,1.855997E+04,2.849844E+03,5.278792E+00,5.278792E+00,3.214490E+05,4.935781E+04,6.424158E+00,5.755293E+00,2.018142E+05,5.455037E+04,5.936662E+00,5.794760E+00,2.165824E+05,5.418222E+04,5.936497E+00,5.794760E+00,2.165831E+05,5.418222E+04,5.937036E+00,5.794760E+00,2.165808E+05,5.418222E+04 
00:45:00,2.323548E+01,2.323548E+01,1.414911E+06,2.135092E+05,4.406919E+00,4.406919E+00,2.683568E+05,4.049487E+04,9.294192E+00,9.294192E+00,5.659646E+05,8.540368E+04,3.047893E-01,3.047893E-01,1.855997E+04,2.800687E+03,5.278792E+00,5.278792E+00,3.214490E+05,4.850644E+04,6.425581E+00,5.732892E+00,2.019706E+05,5.340040E+04,5.937265E+00,5.794760E+00,2.165798E+05,5.324764E+04,5.937103E+00,5.794760E+00,2.165805E+05,5.324764E+04,5.937646E+00,5.794760E+00,2.165782E+05,5.324764E+04 
01:00:00,2.323548E+01,2.323548E+01,1.414911E+06,2.097618E+05,4.406919E+00,4.406919E+00,2.683568E+05,3.978412E+04,9.294192E+00,9.294192E+00,5.659646E+05,8.390471E+04,3.047893E-01,3.047893E-01,1.855997E+04,2.751531E+03,5.278792E+00,5.278792E+00,3.214490E+05,4.765508E+04,6.426937E+00,5.711291E+00,2.020513E+05,5.226004E+04,5.937811E+00,5.794760E+00,2.165774E+05,5.231306E+04,5.937653E+00,5.794760E+00,2.165781E+05,5.231306E+04,5.938199E+00,5.794760E+00,2.165758E+05,5.231306E+04 
01:15:00,2.323548E+01,2.323548E+01,1.414911E+06,2.072635E+05,4.406919E+00,4.406919E+00,2.683568E+05,3.931029E+04,9.294192E+00,9.294192E+00,5.659646E+05,8.290540E+04,3.047893E-01,3.047893E-01,1.855997E+04,2.718760E+03,5.278792E+00,5.278792E+00,3.214490E+05,4.708751E+04,6.428239E+00,5.690621E+00,2.021313E+05,5.142474E+04,5.938312E+00,5.794760E+00,2.165753E+05,5.169001E+04,5.938158E+00,5.794760E+00,2.165760E+05,5.169001E+04,5.938707E+00,5.794760E+00,2.165736E+05,5.169001E+04 
01:30:00,2.323548E+01,2.323548E+01,1.414911E+06,2.047652E+05,4.406919E+00,4.406919E+00,2.683568E+05,3.883646E+04,9.294192E+00,9.294192E+00,5.659646E+05,8.190609E+04,3.047893E-01,3.047893E-01,1.855997E+04,2.685989E+03,5.278792E+00,5.278792E+00,3.214490E+05,4.651993E+04,6.429498E+00,5.670856E+00,2.022117E+05,5.060046E+04,5.938775E+00,5.794760E+00,2.165733E+05,5.106696E+04,5.938625E+00,5.794760E+00,2.165739E+05,5.106696E+04,5.939177E+00,5.794760E+00,2.165716E+05,5.106696E+04 
01:45:00,2.323548E+01,2.323548E+01,1.414911E+06,2.022670E+05,4.406919E+00,4.406919E+00,2.683568E+05,3.836263E+04,9.294192E+00,9.294192E+00,5.659646E+05,8.090678E+04,3.047893E-01,3.047893E-01,1.855997E+04,2.653218E+03,5.278792E+00,5.278792E+00,3.214490E+05,4.595236E+04,6.430720E+00,5.651881E+00,2.022086E+05,4.978588E+04,5.939206E+00,5.794760E+00,2.165714E+05,5.044390E+04,5.939061E+00,5.794760E+00,2.165721E+05,5.044390E+04,5.939615E+00,5.794760E+00,2.165697E+05,5.044390E+04 
02:00:00,2.323548E+01,2.323548E+01,1.414911E+06,1.997687E+05,4.406919E+00,4.406919E+00,2.683568E+05,3.788880E+04,9.294192E+00,9.294192E+00,5.659646E+05,7.990747E+04,3.047893E-01,3.047893E-01,1.855997E+04,2.620447E+03,5.278792E+00,5.278792E+00,3.214490E+05,4.538478E+04,6.431909E+00,5.633665E+00,2.022051E+05,4.898063E+04,5.939610E+00,5.794760E+00,2.165697E+05,4.982085E+04,5.939471E+00,5.794760E+00,2.165703E+05,4.982085E+04,5.940027E+00,5.794760E+00,2.165679E+05,4.982085E+04 
02:15:00,2.323548E+01,2.323548E+01,1.414911E+06,1.978950E+05,4.406919E+00,4.406919E+00,2.683568E+05,3.753342E+04,9.294192E+00,9.294192E+00,5.659646E+05,7.915799E+04,3.047893E-01,3.047893E-01,1.855997E+04,2.595869E+03,5.278792E+00,5.278792E+00,3.214490E+05,4.495910E+04,6.433070E+00,5.616236E+00,2.022017E+05,4.833197E+04,5.939993E+00,5.794760E+00,2.165680E+05,4.935356E+04,5.939859E+00,5.794760E+00,2.165686E+05,4.935356E+04,5.940417E+00,5.794760E+00,2.165662E+05,4.935356E+04 
02:30:00,2.323548E+01,2.323548E+01,1.414911E+06,1.960213E+05,4.406919E+00,4.406919E+00,2.683568E+05,3.717805E+04,9.294192E+00,9.294192E+00,5.659646E+05,7.840851E+04,3.047893E-01,3.047893E-01,1.855997E+04,2.571291E+03,5.278792E+00,5.278792E+00,3.214490E+05,4.453342E+04,6.434207E+00,5.599591E+00,2.021984E+05,4.769294E+04,5.940357E+00,5.794760E+00,2.165665E+05,4.888627E+04,5.940228E+00,5.794760E+00,2.165670E+05,4.888627E+04,5.940789E+00,5.794760E+00,2.165646E+05,4.888627E+04 
02:45:00,2.323548E+01,2.323548E+01,1.414911E+06,1.941476E+05,4.406919E+00,4.406919E+00,2.683568E+05,3.682268E+04,9.294192E+00,9.294192E+00,5.659646E+05,7.765902E+04,3.047893E-01,3.047893E-01,1.855997E+04,2.546713E+03,5.278792E+00,5.278792E+00,3.214490E+05,4.410774E+04,6.435321E+00,5.583546E+00,2.021951E+05,4.706138E+04,5.940705E+00,5.794760E+00,2.165650E+05,4.841899E+04,5.940582E+00,5.794760E+00,2.165655E+05,4.841899E+04,5.941145E+00,5.794760E+00,2.165631E+05,4.841899E+04 
03:00:00,2.323548E+01,2.323548E+01,1.414911E+06,1.922739E+05,4.406919E+00,4.406919E+00,2.683568E+05,3.646730E+04,9.294192E+00,9.294192E+00,5.659646E+05,7.690954E+04,3.047893E-01,3.047893E-01,1.855997E+04,2.522135E+03,5.278792E+00,5.278792E+00,3.214490E+05,4.368206E+04,6.436415E+00,5.568080E+00,2.021919E+05,4.643700E+04,5.941040E+00,5.794760E+00,2.165635E+05,4.795170E+04,5.940922E+00,5.794760E+00,2.165640E+05,4.795170E+04,5.941487E+00,5.794760E+00,2.165616E+05,4.795170E+04 
03:15:00,2.323548E+01,2.323548E+01,1.414911E+06,1.904001E+05,4.406919E+00,4.406919E+00,2.683568E+05,3.611193E+04,9.294192E+00,9.294192E+00,5.659646E+05,7.616006E+04,3.047893E-01,3.047893E-01,1.855997E+04,2.497557E+03,5.278792E+00,5.278792E+00,3.214490E+05,4.325637E+04,6.437492E+00,5.553175E+00,2.021888E+05,4.581958E+04,5.941365E+00,5.794760E+00,2.165621E+05,4.748441E+04,5.941252E+00,5.794760E+00,2.165626E+05,4.748441E+04,5.941819E+00,5.794760E+00,2.165602E+05,4.748441E+04 
03:30:00,2.323548E+01,2.323548E+01,1.414911E+06,1.885264E+05,4.406919E+00,4.406919E+00,2.683568E+05,3.575656E+04,9.294192E+00,9.294192E+00,5.659646E+05,7.541057E+04,3.047893E-01,3.047893E-01,1.855997E+04,2.472978E+03,5.278792E+00,5.278792E+00,3.214490E+05,4.283069E+04,6.438553E+00,5.538816E+00,2.021857E+05,4.520892E+04,5.941680E+00,5.794760E+00,2.165608E+05,4.701712E+04,5.941572E+00,5.794760E+00,2.165612E+05,4.701712E+04,5.942143E+00,5.794760E+00,2.165588E+05,4.701712E+04 
03:45:00,2.323548E+01,2.323548E+01,1.414911E+06,1.866527E+05,4.406919E+00,4.406919E+00,2.683568E+05,3.540118E+04,9.294192E+00,9.294192E+00,5.659646E+05,7.466109E+04,3.047893E-01,3.047893E-01,1.855997E+04,2.448400E+03,5.278792E+00,5.278792E+00,3.214490E+05,4.240501E+04,6.439597E+00,5.524898E+00,2.021826E+05,4.460378E+04,5.941987E+00,5.794760E+00,2.165594E+05,4.654983E+04,5.941884E+00,5.794760E+00,2.165599E+05,4.654983E+04,5.942457E+00,5.794760E+00,2.165574E+05,4.654983E+04 
04:00:00,2.323548E+01,2.323548E+01,1.414911E+06,1.847790E+05,4.406919E+00,4.406919E+00,2.683568E+05,3.504581E+04,9.294192E+00,9.294192E+00,5.659646E+05,7.391161E+04,3.047893E-01,3.047893E-01,1.855997E+04,2.423822E+03,5.278792E+00,5.278792E+00,3.214490E+05,4.197933E+04,6.440626E+00,5.511403E+00,2.021796E+05,4.400392E+04,5.942286E+00,5.794760E+00,2.165582E+05,4.608254E+04,5.942188E+00,5.794760E+00,2.165586E+05,4.608254E+04,5.942765E+00,5.794760E+00,2.165561E+05,4.608254E+04 
04:15:00,2.323548E+01,2.323548E+01,1.414911E+06,1.835299E+05,4.406919E+00,4.406919E+00,2.683568E+05,3.480889E+04,9.294192E+00,9.294192E+00,5.659646E+05,7.341195E+04,3.047893E-01,3.047893E-01,1.855997E+04,2.407437E+03,5.278792E+00,5.278792E+00,3.214490E+05,4.169554E+04,6.441639E+00,5.498404E+00,2.021766E+05,4.355708E+04,5.942579E+00,5.794760E+00,2.165569E+05,4.577102E+04,5.942486E+00,5.794760E+00,2.165573E+05,4.577102E+04,5.943065E+00,5.794760E+00,2.165548E+05,4.577102E+04 
04:30:00,2.323548E+01,2.323548E+01,1.414911E+06,1.822807E+05,4.406919E+00,4.406919E+00,2.683568E+05,3.457198E+04,9.294192E+00,9.294192E+00,5.659646E+05,7.291230E+04,3.047893E-01,3.047893E-01,1.855997E+04,2.391051E+03,5.278792E+00,5.278792E+00,3.214490E+05,4.141176E+04,6.442637E+00,5.485890E+00,2.021737E+05,4.311621E+04,5.942864E+00,5.794760E+00,2.165557E+05,4.545949E+04,5.942776E+00,5.794760E+00,2.165560E+05,4.545949E+04,5.943358E+00,5.794760E+00,2.165535E+05,4.545949E+04 
04:45:00,2.323548E+01,2.323548E+01,1.414911E+06,1.810316E+05,4.406919E+00,4.406919E+00,2.683568E+05,3.433506E+04,9.294192E+00,9.294192E+00,5.659646E+05,7.241264E+04,3.047893E-01,3.047893E-01,1.855997E+04,2.374666E+03,5.278792E+00,5.278792E+00,3.214490E+05,4.112797E+04,6.443620E+00,5.473847E+00,2.021708E+05,4.268115E+04,5.943144E+00,5.794760E+00,2.165545E+05,4.514796E+04,5.943061E+00,5.794760E+00,2.165548E+05,4.514796E+04,5.943645E+00,5.794760E+00,2.165523E+05,4.514796E+04 
05:00:00,2.323548E+01,2.323548E+01,1.414911E+06,1.797825E+05,4.406919E+00,4.406919E+00,2.683568E+05,3.409815E+04,9.294192E+00,9.294192E+00,5.659646E+05,7.191299E+04,3.047893E-01,3.047893E-01,1.855997E+04,2.358280E+03,5.278792E+00,5.278792E+00,3.214490E+05,4.084418E+04,6.444587E+00,5.465309E+00,2.021680E+05,4.228734E+04,5.943418E+00,5.794760E+00,2.165533E+05,4.483644E+04,5.943339E+00,5.794760E+00,2.165536E+05,4.483644E+04,5.943927E+00,5.794760E+00,2.165511E+05,4.483644E+04 
05:15:00,2.323548E+01,2.323548E+01,1.414911E+06,1.810316E+05,4.406919E+00,4.406919E+00,2.683568E+05,3.433506E+04,9.294192E+00,9.294192E+00,5.659646E+05,7.241264E+04,3.047893E-01,3.047893E-01,1.855997E+04,2.374666E+03,5.278792E+00,5.278792E+00,3.214490E+05,4.112797E+04,6.445539E+00,5.465309E+00,2.021652E+05,4.258116E+04,5.943686E+00,5.794760E+00,2.165521E+05,4.514796E+04,5.943613E+00,5.794760E+00,2.165524E+05,4.514796E+04,5.944203E+00,5.794760E+00,2.165499E+05,4.514796E+04 
05:30:00,2.323548E+01,2.323548E+01,1.414911E+06,1.822807E+05,4.406919E+00,4.406919E+00,2.683568E+05,3.457198E+04,9.294192E+00,9.294192E+00,5.659646E+05,7.291230E+04,3.047893E-01,3.047893E-01,1.855997E+04,2.391051E+03,5.278792E+00,5.278792E+00,3.214490E+05,4.141176E+04,6.446476E+00,5.465309E+00,2.021624E+05,4.287497E+04,5.943949E+00,5.794760E+00,2.165510E+05,4.545949E+04,5.943881E+00,5.794760E+00,2.165513E+05,4.545949E+04,5.944474E+00,5.794760E+00,2.165487E+05,4.545949E+04 
05:45:00,2.323548E+01,2.323548E+01,1.414911E+06,1.835299E+05,4.406919E+00,4.406919E+00,2.683568E+05,3.480889E+04,9.294192E+00,9.294192E+00,5.659646E+05,7.341195E+04,3.047893E-01,3.047893E-01,1.855997E+04,2.407437E+03,5.278792E+00,5.278792E+00,3.214490E+05,4.169554E+04,6.447397E+00,5.466944E+00,2.021597E+05,4.318788E+04,5.944207E+00,5.794760E+00,2.165499E+05,4.577102E+04,5.944143E+00,5.794760E+00,2.165501E+05,4.577102E+04,5.944740E+00,5.794760E+00,2.165476E+05,4.577102E+04 
06:00:00,2.323548E+01,2.323548E+01,1.414911E+06,1.847790E+05,4.406919E+00,4.406919E+00,2.683568E+05,3.504581E+04,9.294192E+00,9.294192E+00,5.659646E+05,7.391161E+04,3.047893E-01,3.047893E-01,1.855997E+04,2.423822E+03,5.278792E+00,5.278792E+00,3.214490E+05,4.197933E+04,6.448303E+00,5.486654E+00,2.021570E+05,4.371170E+04,5.944460E+00,5.794760E+00,2.165488E+05,4.608254E+04,5.944402E+00,5.794760E+00,2.165490E+05,4.608254E+04,5.945000E+00,5.794760E+00,2.165464E+05,4.608254E+04 
06:15:00,2.323548E+01,2.323548E+01,1.414911E+06,1.891510E+05,4.406919E+00,4.406919E+00,2.683568E+05,3.587501E+04,9.294192E+00,9.294192E+00,5.659646E+05,7.566040E+04,3.047893E-01,3.047893E-01,1.855997E+04,2.481171E+03,5.278792E+00,5.278792E+00,3.214490E+05,4.297259E+04,6.661180E+00,5.535120E+00,2.014309E+05,4.530178E+04,5.944896E+00,5.794760E+00,2.165475E+05,4.717288E+04,5.944842E+00,5.794760E+00,2.165478E+05,4.717288E+04,5.945444E+00,5.794760E+00,2.165452E+05,4.717288E+04 
06:30:00,2.323548E+01,2.323548E+01,1.414911E+06,1.935230E+05,4.406919E+00,4.406919E+00,2.683568E+05,3.670422E+04,9.294192E+00,9.294192E+00,5.659646E+05,7.740920E+04,3.047893E-01,3.047893E-01,1.855997E+04,2.538520E+03,5.278792E+00,5.278792E+00,3.214490E+05,4.396584E+04,7.177104E+00,5.653994E+00,1.997409E+05,4.769990E+04,6.000314E+00,5.794760E+00,2.163087E+05,4.826322E+04,6.001570E+00,5.794760E+00,2.163033E+05,4.826322E+04,6.004218E+00,5.794760E+00,2.162919E+05,4.826322E+04 
06:45:00,2.323548E+01,2.323548E+01,1.414911E+06,1.978950E+05,4.406919E+00,4.406919E+00,2.683568E+05,3.753342E+04,9.294192E+00,9.294192E+00,5.659646E+05,7.915799E+04,3.047893E-01,3.047893E-01,1.855997E+04,2.595869E+03,5.278792E+00,5.278792E+00,3.214490E+05,4.495910E+04,7.675343E+00,5.799053E+00,1.977225E+05,5.038381E+04,6.090885E+00,5.794760E+00,2.159187E+05,4.935356E+04,6.092701E+00,5.794760E+00,2.159110E+05,4.935356E+04,6.096050E+00,5.794760E+00,2.158966E+05,4.935356E+04 
07:00:00,2.323548E+01,2.323548E+01,1.414911E+06,2.022670E+05,4.406919E+00,4.406919E+00,2.683568E+05,3.836263E+04,9.294192E+00,9.294192E+00,5.659646E+05,8.090678E+04,3.047893E-01,3.047893E-01,1.855997E+04,2.653218E+03,5.278792E+00,5.278792E+00,3.214490E+05,4.595236E+04,8.278332E+00,5.954275E+00,1.948974E+05,5.316289E+04,6.173587E+00,5.794760E+00,2.155629E+05,5.044390E+04,6.175919E+00,5.794760E+00,2.155529E+05,5.044390E+04,6.179882E+00,5.794760E+00,2.155359E+05,5.044390E+04 
07:15:00,2.323548E+01,2.323548E+01,1.414911E+06,2.128846E+05,4.406919E+00,4.406919E+00,2.683568E+05,4.037641E+04,9.294192E+00,9.294192E+00,5.659646E+05,8.515385E+04,3.047893E-01,3.047893E-01,1.855997E+04,2.792495E+03,5.278792E+00,5.278792E+00,3.214490E+05,4.836455E+04,8.807331E+00,6.153990E+00,1.918875E+05,5.789078E+04,6.238118E+00,5.817515E+00,2.152854E+05,5.334821E+04,6.243244E+00,5.804407E+00,2.152635E+05,5.320053E+04,6.252567E+00,5.810041E+00,2.152234E+05,5.326397E+04 
07:30:00,2.323548E+01,2.323548E+01,1.414911E+06,2.235023E+05,4.406919E+00,4.406919E+00,2.683568E+05,4.239019E+04,9.294192E+00,9.294192E+00,5.659646E+05,8.940092E+04,3.047893E-01,3.047893E-01,1.855997E+04,2.931771E+03,5.278792E+00,5.278792E+00,3.214490E+05,5.077674E+04,9.344779E+00,6.439267E+00,1.883804E+05,6.354548E+04,6.301048E+00,5.851602E+00,2.150148E+05,5.637959E+04,6.336673E+00,5.836163E+00,2.148617E+05,5.620581E+04,6.347151E+00,5.842829E+00,2.148167E+05,5.628084E+04 
07:45:00,2.323548E+01,2.323548E+01,1.414911E+06,2.341200E+05,4.406919E+00,4.406919E+00,2.683568E+05,4.440398E+04,9.294192E+00,9.294192E+00,5.659646E+05,9.364799E+04,3.047893E-01,3.047893E-01,1.855997E+04,3.071047E+03,5.278792E+00,5.278792E+00,3.214490E+05,5.318894E+04,8.775181E+00,6.292439E+00,1.905618E+05,6.437524E+04,6.220587E+00,5.824029E+00,2.153566E+05,5.871716E+04,6.241979E+00,5.809036E+00,2.152643E+05,5.854846E+04,6.250735E+00,5.815516E+00,2.152265E+05,5.862138E+04 
08:00:00,2.323548E+01,2.323548E+01,1.414911E+06,2.447376E+05,4.406919E+00,4.406919E+00,2.683568E+05,4.641776E+04,9.294192E+00,9.294192E+00,5.659646E+05,9.789506E+04,3.047893E-01,3.047893E-01,1.855997E+04,3.210324E+03,5.278792E+00,5.278792E+00,3.214490E+05,5.560113E+04,8.454071E+00,6.310988E+00,1.919486E+05,6.708111E+04,6.170421E+00,5.816314E+00,2.155734E+05,6.127832E+04,6.183581E+00,5.801960E+00,2.155166E+05,6.111680E+04,6.191575E+00,5.808265E+00,2.154821E+05,6.118775E+04 
08:15:00,2.323548E+01,2.323548E+01,1.414911E+06,2.566045E+05,4.406919E+00,4.406919E+00,2.683568E+05,4.866846E+04,9.294192E+00,9.294192E+00,5.659646E+05,1.026418E+05,3.047893E-01,3.047893E-01,1.855997E+04,3.365986E+03,5.278792E+00,5.278792E+00,3.214490E+05,5.829711E+04,8.251040E+00,6.681622E+00,1.928225E+05,7.404279E+04,6.135032E+00,5.828562E+00,2.157260E+05,6.437562E+04,6.142501E+00,5.814522E+00,2.156938E+05,6.421765E+04,6.150013E+00,5.820880E+00,2.156613E+05,6.428919E+04 
08:30:00,2.323548E+01,2.323548E+01,1.414911E+06,2.684713E+05,4.406919E+00,4.406919E+00,2.683568E+05,5.091916E+04,9.294192E+00,9.294192E+00,5.659646E+05,1.073885E+05,3.047893E-01,3.047893E-01,1.855997E+04,3.521647E+03,5.278792E+00,5.278792E+00,3.214490E+05,6.099309E+04,8.083975E+00,7.090791E+00,1.935419E+05,8.143791E+04,6.106261E+00,5.844896E+00,2.158501E+05,6.751888E+04,6.108934E+00,5.831026E+00,2.158385E+05,6.736283E+04,6.116085E+00,5.837712E+00,2.158077E+05,6.743805E+04 
08:45:00,2.323548E+01,2.323548E+01,1.414911E+06,2.803381E+05,4.406919E+00,4.406919E+00,2.683568E+05,5.316986E+04,9.294192E+00,9.294192E+00,5.659646E+05,1.121352E+05,3.047893E-01,3.047893E-01,1.855997E+04,3.677309E+03,5.278792E+00,5.278792E+00,3.214490E+05,6.368907E+04,8.006542E+00,7.630760E+00,1.938754E+05,9.030475E+04,6.094614E+00,5.882596E+00,2.159003E+05,7.090253E+04,6.097213E+00,5.850420E+00,2.158891E+05,7.054051E+04,6.101361E+00,5.857692E+00,2.158712E+05,7.062232E+04 
09:00:00,2.323548E+01,2.323548E+01,1.414911E+06,2.922049E+05,4.406919E+00,4.406919E+00,2.683568E+05,5.542056E+04,9.294192E+00,9.294192E+00,5.659646E+05,1.168820E+05,3.047893E-01,3.047893E-01,1.855997E+04,3.832971E+03,5.278792E+00,5.278792E+00,3.214490E+05,6.638506E+04,7.943807E+00,8.227975E+00,1.941461E+05,9.981573E+04,6.085638E+00,5.934741E+00,2.159391E+05,7.444865E+04,6.088174E+00,5.872466E+00,2.159281E+05,7.374802E+04,6.091481E+00,5.880529E+00,2.159138E+05,7.383870E+04 
09:15:00,2.323548E+01,2.323548E+01,1.414911E+06,3.028226E+05,4.406919E+00,4.793960E+00,2.683568E+05,6.178839E+04,9.294192E+00,9.294192E+00,5.659646E+05,1.211290E+05,3.047893E-01,3.047893E-01,1.855997E+04,3.972247E+03,5.278792E+00,5.278792E+00,3.214490E+05,6.879725E+04,7.890512E+00,8.840985E+00,1.943756E+05,1.092106E+05,6.078406E+00,5.990164E+00,2.159702E+05,7.772010E+04,6.080884E+00,5.896836E+00,2.159595E+05,7.667012E+04,6.084112E+00,5.905846E+00,2.159456E+05,7.677143E+04 
09:30:00,2.323548E+01,2.323548E+01,1.414911E+06,3.134402E+05,4.406919E+00,5.162027E+00,2.683568E+05,6.794274E+04,9.294192E+00,9.294192E+00,5.659646E+05,1.253761E+05,3.047893E-01,3.187033E-01,1.855997E+04,4.299219E+03,5.278792E+00,5.278792E+00,3.214490E+05,7.120944E+04,7.843792E+00,9.453084E+00,1.945767E+05,1.185952E+05,6.072366E+00,6.048387E+00,2.159963E+05,8.102302E+04,6.074791E+00,5.923246E+00,2.159858E+05,7.961517E+04,6.077952E+00,6.071656E+00,2.159721E+05,8.128456E+04 
09:45:00,2.323548E+01,2.323548E+01,1.414911E+06,3.240579E+05,4.406919E+00,5.250297E+00,2.683568E+05,7.094945E+04,9.294192E+00,9.294192E+00,5.659646E+05,1.296232E+05,3.047893E-01,3.359971E-01,1.855997E+04,4.686045E+03,5.278792E+00,5.278792E+00,3.214490E+05,7.362164E+04,7.801901E+00,9.615604E+00,1.947572E+05,1.229210E+05,6.067176E+00,6.067708E+00,2.160186E+05,8.388825E+04,6.069549E+00,5.935729E+00,2.160084E+05,8.240352E+04,6.072653E+00,6.172252E+00,2.159950E+05,8.506395E+04 
10:00:00,2.323548E+01,2.323548E+01,1.414911E+06,3.346756E+05,4.406919E+00,5.279525E+00,2.683568E+05,7.329216E+04,9.294192E+00,9.294192E+00,5.659646E+05,1.338702E+05,3.047893E-01,3.415136E-01,1.855997E+04,4.919040E+03,5.278792E+00,5.278792E+00,3.214490E+05,7.603383E+04,7.763665E+00,9.734827E+00,1.949220E+05,1.267602E+05,6.062607E+00,6.097266E+00,2.160383E+05,8.686878E+04,6.064931E+00,5.956971E+00,2.160283E+05,8.529048E+04,6.067985E+00,6.278950E+00,2.160151E+05,8.891211E+04 
10:15:00,2.323548E+01,2.323548E+01,1.414911E+06,3.440441E+05,4.406919E+00,5.265278E+00,2.683568E+05,7.490891E+04,9.294192E+00,9.294192E+00,5.659646E+05,1.376176E+05,3.047893E-01,3.717964E-01,1.855997E+04,5.505130E+03,5.278792E+00,5.278792E+00,3.214490E+05,7.816224E+04,7.728215E+00,9.833282E+00,1.950748E+05,1.300721E+05,6.058497E+00,6.137627E+00,2.160561E+05,8.965933E+04,6.060773E+00,5.992455E+00,2.160462E+05,8.802613E+04,6.063781E+00,6.396898E+00,2.160332E+05,9.257532E+04 
10:30:00,2.323548E+01,2.323548E+01,1.414911E+06,3.534126E+05,4.406919E+00,5.225119E+00,2.683568E+05,7.623415E+04,9.294192E+00,9.294192E+00,5.659646E+05,1.413651E+05,3.047893E-01,4.044394E-01,1.855997E+04,6.151541E+03,5.278792E+00,5.278792E+00,3.214490E+05,8.029064E+04,7.695024E+00,9.922241E+00,1.952180E+05,1.332771E+05,6.054744E+00,6.178607E+00,2.160722E+05,9.245685E+04,6.056973E+00,6.029011E+00,2.160626E+05,9.077385E+04,6.059939E+00,6.521431E+00,2.160498E+05,9.631263E+04 
10:45:00,2.323548E+01,2.323548E+01,1.414911E+06,3.627812E+05,4.406919E+00,5.180516E+00,2.683568E+05,7.750936E+04,9.294192E+00,9.294192E+00,5.659646E+05,1.451125E+05,3.047893E-01,4.377063E-01,1.855997E+04,6.834015E+03,5.278792E+00,5.278792E+00,3.214490E+05,8.241905E+04,7.663721E+00,1.001562E+01,1.953530E+05,1.365318E+05,6.051276E+00,6.220446E+00,2.160872E+05,9.526404E+04,6.053459E+00,6.067038E+00,2.160778E+05,9.353814E+04,6.056386E+00,6.650805E+00,2.160651E+05,1.001044E+05 
11:00:00,2.323548E+01,2.323548E+01,1.414911E+06,3.721497E+05,4.406919E+00,5.147942E+00,2.683568E+05,7.891986E+04,9.294192E+00,9.294192E+00,5.659646E+05,1.488599E+05,3.047893E-01,4.729475E-01,1.855997E+04,7.574936E+03,5.278792E+00,5.278792E+00,3.214490E+05,8.454746E+04,7.634024E+00,1.012426E+01,1.954811E+05,1.399582E+05,6.048041E+00,6.313659E+00,2.161012E+05,9.864920E+04,6.050181E+00,6.135189E+00,2.160919E+05,9.664132E+04,6.053071E+00,6.784900E+00,2.160794E+05,1.039493E+05 
11:15:00,2.323548E+01,2.323548E+01,1.414911E+06,3.783954E+05,4.406919E+00,5.141922E+00,2.683568E+05,8.003677E+04,9.294192E+00,9.294192E+00,5.659646E+05,1.513582E+05,3.047893E-01,5.113111E-01,1.855997E+04,8.326824E+03,5.278792E+00,5.278792E+00,3.214490E+05,8.596639E+04,7.605726E+00,1.025582E+01,1.956032E+05,1.429080E+05,6.045003E+00,6.413835E+00,2.161143E+05,1.013339E+05,6.047099E+00,6.234223E+00,2.161052E+05,9.931315E+04,6.049955E+00,6.922105E+00,2.160929E+05,1.070504E+05 
11:30:00,2.323548E+01,2.323548E+01,1.414911E+06,3.846411E+05,4.406919E+00,5.168215E+00,2.683568E+05,8.151718E+04,9.294192E+00,9.294192E+00,5.659646E+05,1.538564E+05,3.047893E-01,5.531966E-01,1.855997E+04,9.157638E+03,5.278792E+00,5.278792E+00,3.214490E+05,8.738533E+04,7.578670E+00,1.041203E+01,1.957200E+05,1.461349E+05,6.042134E+00,6.538056E+00,2.161266E+05,1.042891E+05,6.044187E+00,6.356559E+00,2.161178E+05,1.022472E+05,6.047010E+00,7.061030E+00,2.161056E+05,1.101708E+05 
11:45:00,2.323548E+01,2.323548E+01,1.414911E+06,3.908868E+05,4.406919E+00,5.219970E+00,2.683568E+05,8.328403E+04,9.294192E+00,9.294192E+00,5.659646E+05,1.563547E+05,3.047893E-01,5.676046E-01,1.855997E+04,9.548721E+03,5.278792E+00,5.278792E+00,3.214490E+05,8.880427E+04,7.552735E+00,1.058707E+01,1.958319E+05,1.495738E+05,6.039411E+00,6.679430E+00,2.161384E+05,1.074374E+05,6.041423E+00,6.492843E+00,2.161297E+05,1.053381E+05,6.044215E+00,7.200335E+00,2.161177E+05,1.132956E+05 
12:00:00,2.323548E+01,2.323548E+01,1.414911E+06,3.971325E+05,4.406919E+00,5.287073E+00,2.683568E+05,8.522354E+04,9.294192E+00,9.294192E+00,5.659646E+05,1.588530E+05,3.047893E-01,5.780031E-01,1.855997E+04,9.879021E+03,5.278792E+00,5.278792E+00,3.214490E+05,9.022321E+04,7.527825E+00,1.077360E+01,1.959394E+05,1.531421E+05,6.036821E+00,6.823760E+00,2.161496E+05,1.106189E+05,6.038792E+00,6.634216E+00,2.161411E+05,1.084863E+05,6.041554E+00,7.344788E+00,2.161291E+05,1.164782E+05 
12:15:00,2.323548E+01,2.323548E+01,1.414911E+06,4.021290E+05,4.406919E+00,5.362371E+00,2.683568E+05,8.701832E+04,9.294192E+00,9.294192E+00,5.659646E+05,1.608516E+05,3.047893E-01,5.879190E-01,1.855997E+04,1.017493E+04,5.278792E+00,5.278792E+00,3.214490E+05,9.135836E+04,7.503864E+00,1.096739E+01,1.960428E+05,1.564981E+05,6.034349E+00,6.965683E+00,2.161602E+05,1.134618E+05,6.036281E+00,6.775611E+00,2.161519E+05,1.113233E+05,6.039015E+00,7.488695E+00,2.161401E+05,1.193433E+05 
12:30:00,2.323548E+01,2.323548E+01,1.414911E+06,4.071256E+05,4.406919E+00,5.437068E+00,2.683568E+05,8.880633E+04,9.294192E+00,9.294192E+00,5.659646E+05,1.628502E+05,3.047893E-01,5.969700E-01,1.855997E+04,1.045994E+04,5.278792E+00,5.278792E+00,3.214490E+05,9.249351E+04,7.480788E+00,1.115970E+01,1.961425E+05,1.598375E+05,6.031987E+00,7.102190E+00,2.161704E+05,1.162438E+05,6.033880E+00,6.911668E+00,2.161623E+05,1.141002E+05,6.036587E+00,7.627084E+00,2.161506E+05,1.221462E+05 
12:45:00,2.323548E+01,2.323548E+01,1.414911E+06,4.121221E+05,4.406919E+00,5.503099E+00,2.683568E+05,9.049685E+04,9.294192E+00,9.294192E+00,5.659646E+05,1.648489E+05,3.047893E-01,6.048431E-01,1.855997E+04,1.072796E+04,5.278792E+00,5.278792E+00,3.214490E+05,9.362866E+04,7.458622E+00,1.134325E+01,1.962382E+05,1.630784E+05,6.029734E+00,7.231182E+00,2.161802E+05,1.189413E+05,6.031590E+00,7.040253E+00,2.161722E+05,1.167931E+05,6.034270E+00,7.757858E+00,2.161606E+05,1.248636E+05 
13:00:00,2.323548E+01,2.323548E+01,1.414911E+06,4.171187E+05,4.406919E+00,5.558072E+00,2.683568E+05,9.206299E+04,9.294192E+00,9.294192E+00,5.659646E+05,1.668475E+05,3.047893E-01,6.116278E-01,1.855997E+04,1.097982E+04,5.278792E+00,5.278792E+00,3.214490E+05,9.476381E+04,7.437290E+00,1.151631E+01,1.963303E+05,1.662011E+05,6.027582E+00,7.352453E+00,2.161895E+05,1.215519E+05,6.029401E+00,7.161127E+00,2.161816E+05,1.193992E+05,6.032056E+00,7.880807E+00,2.161701E+05,1.274929E+05 
13:15:00,2.323548E+01,2.323548E+01,1.414911E+06,4.202415E+05,4.406919E+00,5.604331E+00,2.683568E+05,9.317571E+04,9.294192E+00,9.294192E+00,5.659646E+05,1.680966E+05,3.047893E-01,5.867358E-01,1.855997E+04,1.061182E+04,5.278792E+00,5.278792E+00,3.214490E+05,9.547327E+04,7.416726E+00,1.168303E+01,1.964191E+05,1.688119E+05,6.025521E+00,7.467868E+00,2.161984E+05,1.236294E+05,6.027304E+00,7.276117E+00,2.161907E+05,1.214718E+05,6.029936E+00,8.000628E+00,2.161793E+05,1.296197E+05 
13:30:00,2.323548E+01,2.323548E+01,1.414911E+06,4.233644E+05,4.406919E+00,5.644274E+00,2.683568E+05,9.421739E+04,9.294192E+00,9.294192E+00,5.659646E+05,1.693457E+05,3.047893E-01,5.556442E-01,1.855997E+04,1.012417E+04,5.278792E+00,5.278792E+00,3.214490E+05,9.618274E+04,7.396884E+00,1.184773E+01,1.965047E+05,1.713999E+05,6.023545E+00,7.586609E+00,2.162069E+05,1.257442E+05,6.025293E+00,7.392470E+00,2.161993E+05,1.235598E+05,6.027902E+00,8.120952E+00,2.161881E+05,1.317523E+05 
13:45:00,2.323548E+01,2.323548E+01,1.414911E+06,4.264872E+05,4.406919E+00,5.677550E+00,2.683568E+05,9.518406E+04,9.294192E+00,9.294192E+00,5.659646E+05,1.705949E+05,3.047893E-01,5.217087E-01,1.855997E+04,9.575961E+03,5.278792E+00,5.278792E+00,3.214490E+05,9.689221E+04,7.377729E+00,1.201157E+01,1.965874E+05,1.739782E+05,6.021649E+00,7.709432E+00,2.162151E+05,1.279050E+05,6.023364E+00,7.514786E+00,2.162077E+05,1.257149E+05,6.025950E+00,8.245218E+00,2.161965E+05,1.339291E+05 
14:00:00,2.323548E+01,2.323548E+01,1.414911E+06,4.296101E+05,4.406919E+00,5.704745E+00,2.683568E+05,9.608233E+04,9.294192E+00,9.294192E+00,5.659646E+05,1.718440E+05,3.047893E-01,4.854934E-01,1.855997E+04,8.976481E+03,5.278792E+00,5.278792E+00,3.214490E+05,9.760168E+04,7.359228E+00,1.219402E+01,1.966673E+05,1.767659E+05,6.019828E+00,7.843135E+00,2.162229E+05,1.301882E+05,6.021510E+00,7.647992E+00,2.162157E+05,1.279925E+05,6.024075E+00,8.380331E+00,2.162046E+05,1.362280E+05 
14:15:00,2.323548E+01,2.323548E+01,1.414911E+06,4.296101E+05,4.406919E+00,5.724369E+00,2.683568E+05,9.630313E+04,9.294192E+00,9.294192E+00,5.659646E+05,1.718440E+05,3.047893E-01,4.473967E-01,1.855997E+04,8.272097E+03,5.278792E+00,5.278792E+00,3.214490E+05,9.760168E+04,7.341275E+00,1.239781E+01,1.967449E+05,1.790593E+05,6.018071E+00,7.992022E+00,2.162305E+05,1.318634E+05,6.019720E+00,7.796353E+00,2.162234E+05,1.296618E+05,6.022264E+00,8.530543E+00,2.162124E+05,1.379180E+05 
14:30:00,2.323548E+01,2.323548E+01,1.414911E+06,4.296101E+05,4.406919E+00,5.737133E+00,2.683568E+05,9.644676E+04,9.294192E+00,9.294192E+00,5.659646E+05,1.718440E+05,3.047893E-01,4.077252E-01,1.855997E+04,7.538593E+03,5.278792E+00,5.278792E+00,3.214490E+05,9.760168E+04,7.323871E+00,1.262105E+01,1.968200E+05,1.815715E+05,6.016375E+00,8.156627E+00,2.162378E+05,1.337155E+05,6.017992E+00,7.960279E+00,2.162309E+05,1.315062E+05,6.020517E+00,8.696252E+00,2.162200E+05,1.397822E+05 
14:45:00,2.323548E+01,2.323548E+01,1.414911E+06,4.296101E+05,4.406919E+00,5.745295E+00,2.683568E+05,9.653861E+04,9.294192E+00,9.294192E+00,5.659646E+05,1.718440E+05,3.047893E-01,3.979311E-01,1.855997E+04,7.357506E+03,5.278792E+00,5.278792E+00,3.214490E+05,9.760168E+04,7.307019E+00,1.285946E+01,1.968928E+05,1.842545E+05,6.014741E+00,8.333269E+00,2.162449E+05,1.357030E+05,6.016327E+00,8.136084E+00,2.162380E+05,1.334842E+05,6.018832E+00,8.873751E+00,2.162272E+05,1.417792E+05 
15:00:00,2.323548E+01,2.323548E+01,1.414911E+06,4.296101E+05,4.406919E+00,5.746434E+00,2.683568E+05,9.655145E+04,9.294192E+00,9.294192E+00,5.659646E+05,1.718440E+05,3.047893E-01,3.929383E-01,1.855997E+04,7.265192E+03,5.278792E+00,5.278792E+00,3.214490E+05,9.760168E+04,7.290704E+00,1.310589E+01,1.969632E+05,1.870276E+05,6.013166E+00,8.515670E+00,2.162517E+05,1.377552E+05,6.014723E+00,8.317388E+00,2.162450E+05,1.355242E+05,6.017209E+00,9.056721E+00,2.162342E+05,1.438376E+05 
15:15:00,2.323548E+01,2.323548E+01,1.414911E+06,4.258626E+05,4.406919E+00,5.734934E+00,2.683568E+05,9.571134E+04,9.294192E+00,9.294192E+00,5.659646E+05,1.703451E+05,3.047893E-01,3.660012E-01,1.855997E+04,6.708113E+03,5.278792E+00,5.278792E+00,3.214490E+05,9.675032E+04,7.274909E+00,1.328732E+01,1.970315E+05,1.881878E+05,6.011650E+00,8.693372E+00,2.162582E+05,1.388201E+05,6.013176E+00,8.493877E+00,2.162516E+05,1.365753E+05,6.015645E+00,9.234838E+00,2.162410E+05,1.449069E+05 
15:30:00,2.323548E+01,2.323548E+01,1.414911E+06,4.221152E+05,4.406919E+00,5.707301E+00,2.683568E+05,9.468974E+04,9.294192E+00,9.294192E+00,5.659646E+05,1.688461E+05,3.047893E-01,3.331187E-01,1.855997E+04,6.051714E+03,5.278792E+00,5.278792E+00,3.214490E+05,9.589895E+04,7.259617E+00,1.345023E+01,1.970975E+05,1.891396E+05,6.010189E+00,8.858068E+00,2.162645E+05,1.397386E+05,6.011686E+00,8.657337E+00,2.162581E+05,1.374799E+05,6.014138E+00,9.399781E+00,2.162475E+05,1.458280E+05 
15:45:00,2.323548E+01,2.323548E+01,1.414911E+06,4.183678E+05,4.406919E+00,5.666029E+00,2.683568E+05,9.351469E+04,9.294192E+00,9.294192E+00,5.659646E+05,1.673471E+05,3.047893E-01,3.047893E-01,1.855997E+04,5.487902E+03,5.278792E+00,5.278792E+00,3.214490E+05,9.504759E+04,7.244810E+00,1.359023E+01,1.971614E+05,1.898336E+05,6.008781E+00,9.004736E+00,2.162706E+05,1.404543E+05,6.010251E+00,8.802816E+00,2.162643E+05,1.381822E+05,6.012685E+00,9.546586E+00,2.162538E+05,1.465451E+05 
16:00:00,2.323548E+01,2.323548E+01,1.414911E+06,4.146204E+05,4.406919E+00,5.610644E+00,2.683568E+05,9.218085E+04,9.294192E+00,9.294192E+00,5.659646E+05,1.658482E+05,3.047893E-01,3.047893E-01,1.855997E+04,5.438745E+03,5.278792E+00,5.278792E+00,3.214490E+05,9.419623E+04,7.230472E+00,1.370195E+01,1.972234E+05,1.902095E+05,6.007425E+00,9.129114E+00,2.162765E+05,1.409192E+05,6.008867E+00,8.926213E+00,2.162703E+05,1.386361E+05,6.011285E+00,9.671130E+00,2.162598E+05,1.470118E+05 
16:15:00,2.323548E+01,2.323548E+01,1.414911E+06,4.096239E+05,4.406919E+00,5.539031E+00,2.683568E+05,9.042754E+04,9.294192E+00,9.294192E+00,5.659646E+05,1.638495E+05,3.047893E-01,3.047893E-01,1.855997E+04,5.373204E+03,5.278792E+00,5.278792E+00,3.214490E+05,9.306108E+04,7.216585E+00,1.372378E+01,1.972833E+05,1.892799E+05,6.006119E+00,9.229145E+00,2.162821E+05,1.407987E+05,6.007534E+00,9.025527E+00,2.162760E+05,1.385075E+05,6.009936E+00,9.771394E+00,2.162656E+05,1.468938E+05 
16:30:00,2.323548E+01,2.323548E+01,1.414911E+06,4.046273E+05,4.406919E+00,5.454106E+00,2.683568E+05,8.852445E+04,9.294192E+00,9.294192E+00,5.659646E+05,1.618509E+05,3.047893E-01,3.047893E-01,1.855997E+04,5.307662E+03,5.278792E+00,5.278792E+00,3.214490E+05,9.192593E+04,7.203135E+00,1.370929E+01,1.973414E+05,1.879416E+05,6.004859E+00,9.305797E+00,2.162876E+05,1.404152E+05,6.006248E+00,9.101991E+00,2.162816E+05,1.381219E+05,6.008636E+00,9.848394E+00,2.162712E+05,1.465142E+05 
16:45:00,2.323548E+01,2.323548E+01,1.414911E+06,3.996308E+05,4.406919E+00,5.360860E+00,2.683568E+05,8.652774E+04,9.294192E+00,9.294192E+00,5.659646E+05,1.598523E+05,3.047893E-01,3.047893E-01,1.855997E+04,5.242120E+03,5.278792E+00,5.278792E+00,3.214490E+05,9.079078E+04,7.190106E+00,1.372094E+01,1.973977E+05,1.868976E+05,6.003646E+00,9.363246E+00,2.162928E+05,1.398156E+05,6.005009E+00,9.159626E+00,2.162869E+05,1.375244E+05,6.007382E+00,9.906215E+00,2.162767E+05,1.459187E+05 
17:00:00,2.323548E+01,2.323548E+01,1.414911E+06,3.946342E+05,4.406919E+00,5.262888E+00,2.683568E+05,8.447786E+04,9.294192E+00,9.294192E+00,5.659646E+05,1.578537E+05,3.047893E-01,3.047893E-01,1.855997E+04,5.176578E+03,5.278792E+00,5.278792E+00,3.214490E+05,8.965563E+04,7.177482E+00,1.370036E+01,1.974522E+05,1.854909E+05,6.002476E+00,9.401213E+00,2.162978E+05,1.389967E+05,6.003814E+00,9.198043E+00,2.162921E+05,1.367106E+05,6.006173E+00,9.944586E+00,2.162819E+05,1.451045E+05 
17:15:00,2.323548E+01,2.323548E+01,1.414911E+06,3.883885E+05,4.406919E+00,5.136105E+00,2.683568E+05,8.186690E+04,9.294192E+00,9.294192E+00,5.659646E+05,1.553554E+05,3.047893E-01,3.047893E-01,1.855997E+04,5.094651E+03,5.278792E+00,5.278792E+00,3.214490E+05,8.823669E+04,7.165250E+00,1.350419E+01,1.975050E+05,1.818145E+05,6.001348E+00,9.365102E+00,2.163027E+05,1.370329E+05,6.002662E+00,9.162705E+00,2.162970E+05,1.347554E+05,6.005007E+00,9.908866E+00,2.162869E+05,1.431451E+05 
17:30:00,2.323548E+01,2.323548E+01,1.414911E+06,3.821428E+05,4.406919E+00,5.000359E+00,2.683568E+05,7.915511E+04,9.294192E+00,9.294192E+00,5.659646E+05,1.528571E+05,3.047893E-01,3.047893E-01,1.855997E+04,5.012724E+03,5.278792E+00,5.278792E+00,3.214490E+05,8.681776E+04,7.153397E+00,1.325646E+01,1.975562E+05,1.775579E+05,6.000261E+00,9.300437E+00,2.163074E+05,1.347478E+05,6.001551E+00,9.099126E+00,2.163018E+05,1.324826E+05,6.003882E+00,9.844611E+00,2.162918E+05,1.408649E+05 
17:45:00,2.323548E+01,2.323548E+01,1.414911E+06,3.758971E+05,4.406919E+00,4.859501E+00,2.683568E+05,7.638579E+04,9.294192E+00,9.294192E+00,5.659646E+05,1.503589E+05,3.047893E-01,3.047893E-01,1.855997E+04,4.930796E+03,5.278792E+00,5.278792E+00,3.214490E+05,8.539882E+04,7.141908E+00,1.301820E+01,1.976058E+05,1.734081E+05,5.999212E+00,9.208781E+00,2.163119E+05,1.321591E+05,6.000479E+00,9.008890E+00,2.163065E+05,1.299098E+05,6.002798E+00,9.753424E+00,2.162965E+05,1.382816E+05 
18:00:00,2.323548E+01,2.323548E+01,1.414911E+06,3.696514E+05,4.406919E+00,4.712582E+00,2.683568E+05,7.354827E+04,9.294192E+00,9.294192E+00,5.659646E+05,1.478606E+05,3.047893E-01,3.047893E-01,1.855997E+04,4.848869E+03,5.278792E+00,5.278792E+00,3.214490E+05,8.397988E+04,7.130773E+00,1.273145E+01,1.976539E+05,1.687126E+05,5.998201E+00,9.087747E+00,2.163163E+05,1.292398E+05,5.999445E+00,8.889559E+00,2.163109E+05,1.270097E+05,6.001751E+00,9.632963E+00,2.163010E+05,1.353690E+05 
18:15:00,2.323548E+01,2.323548E+01,1.414911E+06,3.602829E+05,4.406919E+00,4.556582E+00,2.683568E+05,7.001629E+04,9.294192E+00,9.294192E+00,5.659646E+05,1.441132E+05,3.047893E-01,3.047893E-01,1.855997E+04,4.725978E+03,5.278792E+00,5.278792E+00,3.214490E+05,8.185147E+04,7.119978E+00,1.239192E+01,1.977006E+05,1.626886E+05,5.997225E+00,8.931563E+00,2.163205E+05,1.251461E+05,5.998447E+00,8.735584E+00,2.163152E+05,1.229409E+05,6.000741E+00,9.477611E+00,2.163053E+05,1.312849E+05 
18:30:00,2.323548E+01,2.323548E+01,1.414911E+06,3.509144E+05,4.406919E+00,4.406919E+00,2.683568E+05,6.655559E+04,9.294192E+00,9.294192E+00,5.659646E+05,1.403657E+05,3.047893E-01,3.047893E-01,1.855997E+04,4.603087E+03,5.278792E+00,5.278792E+00,3.214490E+05,7.972307E+04,7.109511E+00,1.200052E+01,1.977458E+05,1.560807E+05,5.996284E+00,8.739695E+00,2.163246E+05,1.206509E+05,5.997484E+00,8.546258E+00,2.163194E+05,1.184743E+05,5.999767E+00,9.286549E+00,2.163095E+05,1.267991E+05 
18:45:00,2.323548E+01,2.323548E+01,1.414911E+06,3.415458E+05,4.406919E+00,4.406919E+00,2.683568E+05,6.477873E+04,9.294192E+00,9.294192E+00,5.659646E+05,1.366183E+05,3.047893E-01,3.047893E-01,1.855997E+04,4.480196E+03,5.278792E+00,5.278792E+00,3.214490E+05,7.759466E+04,7.099363E+00,1.170615E+01,1.977896E+05,1.505649E+05,5.995375E+00,8.561031E+00,2.163285E+05,1.163043E+05,5.996554E+00,8.370317E+00,2.163234E+05,1.141583E+05,5.998826E+00,9.108434E+00,2.163136E+05,1.224589E+05 
19:00:00,2.323548E+01,2.323548E+01,1.414911E+06,3.321773E+05,4.406919E+00,4.406919E+00,2.683568E+05,6.300186E+04,9.294192E+00,9.294192E+00,5.659646E+05,1.328709E+05,3.047893E-01,3.047893E-01,1.855997E+04,4.357305E+03,5.278792E+00,5.278792E+00,3.214490E+05,7.546626E+04,7.089522E+00,1.139658E+01,1.978321E+05,1.448777E+05,5.994499E+00,8.348507E+00,2.163323E+05,1.115766E+05,5.995657E+00,8.160839E+00,2.163273E+05,1.094649E+05,5.997919E+00,8.896525E+00,2.163175E+05,1.177383E+05 
19:15:00,2.323548E+01,2.323548E+01,1.414911E+06,3.253070E+05,4.406919E+00,4.406919E+00,2.683568E+05,6.169882E+04,9.294192E+00,9.294192E+00,5.659646E+05,1.301228E+05,3.047893E-01,3.047893E-01,1.855997E+04,4.267185E+03,5.278792E+00,5.278792E+00,3.214490E+05,7.390542E+04,7.082131E+00,1.108661E+01,1.978640E+05,1.397737E+05,5.993653E+00,8.120183E+00,2.163359E+05,1.072942E+05,5.994792E+00,7.935582E+00,2.163310E+05,1.052170E+05,5.997042E+00,8.668547E+00,2.163213E+05,1.134601E+05 
19:30:00,2.323548E+01,2.323548E+01,1.414911E+06,3.184368E+05,4.406919E+00,4.406919E+00,2.683568E+05,6.039579E+04,9.294192E+00,9.294192E+00,5.659646E+05,1.273747E+05,3.047893E-01,3.047893E-01,1.855997E+04,4.177066E+03,5.278792E+00,5.278792E+00,3.214490E+05,7.234459E+04,7.076231E+00,1.078710E+01,1.978895E+05,1.347874E+05,5.992837E+00,7.888824E+00,2.163395E+05,1.029776E+05,5.993956E+00,7.707091E+00,2.163346E+05,1.009327E+05,5.996196E+00,8.437243E+00,2.163250E+05,1.091444E+05 
19:45:00,2.323548E+01,2.323548E+01,1.414911E+06,3.115665E+05,4.406919E+00,4.406919E+00,2.683568E+05,5.909275E+04,9.294192E+00,9.294192E+00,5.659646E+05,1.246266E+05,3.047893E-01,3.047893E-01,1.855997E+04,4.086946E+03,5.278792E+00,5.278792E+00,3.214490E+05,7.078376E+04,7.070522E+00,1.050787E+01,1.979142E+05,1.300292E+05,5.992049E+00,7.664765E+00,2.163429E+05,9.874318E+04,5.993148E+00,7.485485E+00,2.163381E+05,9.672588E+04,5.995379E+00,8.212833E+00,2.163285E+05,1.049063E+05 
20:00:00,2.323548E+01,2.323548E+01,1.414911E+06,3.046963E+05,4.406919E+00,4.406919E+00,2.683568E+05,5.778971E+04,9.294192E+00,9.294192E+00,5.659646E+05,1.218785E+05,3.047893E-01,3.047893E-01,1.855997E+04,3.996826E+03,5.278792E+00,5.278792E+00,3.214490E+05,6.922293E+04,7.064996E+00,1.025526E+01,1.979380E+05,1.255706E+05,5.991288E+00,7.454519E+00,2.163462E+05,9.466414E+04,5.992369E+00,7.277356E+00,2.163415E+05,9.267068E+04,5.994590E+00,8.002058E+00,2.163319E+05,1.008216E+05 
20:15:00,2.323548E+01,2.323548E+01,1.414911E+06,2.990751E+05,4.406919E+00,4.406919E+00,2.683568E+05,5.672359E+04,9.294192E+00,9.294192E+00,5.659646E+05,1.196301E+05,3.047893E-01,3.047893E-01,1.855997E+04,3.923091E+03,5.278792E+00,5.278792E+00,3.214490E+05,6.794589E+04,7.059647E+00,9.861563E+00,1.979611E+05,1.198181E+05,5.990554E+00,7.169888E+00,2.163493E+05,9.005966E+04,5.991616E+00,7.005285E+00,2.163447E+05,8.820755E+04,5.993828E+00,7.727496E+00,2.163352E+05,9.633087E+04 
20:30:00,2.323548E+01,2.323548E+01,1.414911E+06,2.934540E+05,4.406919E+00,4.406919E+00,2.683568E+05,5.565747E+04,9.294192E+00,9.294192E+00,5.659646E+05,1.173816E+05,3.047893E-01,3.047893E-01,1.855997E+04,3.849356E+03,5.278792E+00,5.278792E+00,3.214490E+05,6.666884E+04,7.054469E+00,9.478567E+00,1.979835E+05,1.141861E+05,5.989844E+00,6.914030E+00,2.163524E+05,8.577902E+04,5.990889E+00,6.765373E+00,2.163479E+05,8.410632E+04,5.993093E+00,7.482812E+00,2.163384E+05,9.217636E+04 
20:45:00,2.323548E+01,2.323548E+01,1.414911E+06,2.878329E+05,4.406919E+00,4.406919E+00,2.683568E+05,5.459135E+04,9.294192E+00,9.294192E+00,5.659646E+05,1.151332E+05,3.047893E-01,3.047893E-01,1.855997E+04,3.775622E+03,5.278792E+00,5.278792E+00,3.214490E+05,6.539180E+04,7.049456E+00,9.092499E+00,1.980051E+05,1.085196E+05,5.989159E+00,6.689962E+00,2.163553E+05,8.185603E+04,5.990187E+00,6.556379E+00,2.163509E+05,8.035295E+04,5.992382E+00,7.271863E+00,2.163414E+05,8.840134E+04 
21:00:00,2.323548E+01,2.323548E+01,1.414911E+06,2.822118E+05,4.406919E+00,4.406919E+00,2.683568E+05,5.352523E+04,9.294192E+00,9.294192E+00,5.659646E+05,1.128847E+05,3.047893E-01,3.047893E-01,1.855997E+04,3.701887E+03,5.278792E+00,5.278792E+00,3.214490E+05,6.411476E+04,7.044601E+00,8.702299E+00,1.980261E+05,1.028065E+05,5.988498E+00,6.473179E+00,2.163582E+05,7.801499E+04,5.989508E+00,6.364888E+00,2.163538E+05,7.679650E+04,5.991695E+00,7.069613E+00,2.163444E+05,8.472416E+04 
21:15:00,2.323548E+01,2.323548E+01,1.414911E+06,2.765907E+05,4.406919E+00,4.406919E+00,2.683568E+05,5.245911E+04,9.294192E+00,9.294192E+00,5.659646E+05,1.106363E+05,3.047893E-01,3.047893E-01,1.855997E+04,3.628153E+03,5.278792E+00,5.278792E+00,3.214490E+05,6.283771E+04,6.787426E+00,7.847039E+00,1.991366E+05,9.196020E+04,5.946492E+00,6.228425E+00,2.165395E+05,7.386285E+04,5.947297E+00,6.193134E+00,2.165360E+05,7.346511E+04,5.949189E+00,6.649143E+00,2.165279E+05,7.859835E+04 
21:30:00,2.323548E+01,2.323548E+01,1.414911E+06,2.709695E+05,4.406919E+00,4.406919E+00,2.683568E+05,5.139299E+04,9.294192E+00,9.294192E+00,5.659646E+05,1.083878E+05,3.047893E-01,3.047893E-01,1.855997E+04,3.554418E+03,5.278792E+00,5.278792E+00,3.214490E+05,6.156067E+04,6.531070E+00,7.112511E+00,2.002437E+05,8.245816E+04,5.904670E+00,6.053728E+00,2.167201E+05,7.049677E+04,5.905272E+00,6.043347E+00,2.167175E+05,7.037925E+04,5.906871E+00,6.228279E+00,2.167106E+05,7.246305E+04 
21:45:00,2.323548E+01,2.323548E+01,1.414911E+06,2.653484E+05,4.406919E+00,4.406919E+00,2.683568E+05,5.032687E+04,9.294192E+00,9.294192E+00,5.659646E+05,1.061394E+05,3.047893E-01,3.047893E-01,1.855997E+04,3.480684E+03,5.278792E+00,5.278792E+00,3.214490E+05,6.028362E+04,6.329746E+00,6.554380E+00,2.011810E+05,7.488405E+04,5.891229E+00,5.923674E+00,2.167781E+05,6.763038E+04,5.891048E+00,5.915556E+00,2.167789E+05,6.753833E+04,5.891492E+00,5.925993E+00,2.167770E+05,6.765610E+04 
22:00:00,2.323548E+01,2.323548E+01,1.414911E+06,2.597273E+05,4.406919E+00,4.406919E+00,2.683568E+05,4.926075E+04,9.294192E+00,9.294192E+00,5.659646E+05,1.038909E+05,3.047893E-01,3.047893E-01,1.855997E+04,3.406949E+03,5.278792E+00,5.278792E+00,3.214490E+05,5.900658E+04,6.338529E+00,6.198983E+00,2.012148E+05,6.955512E+04,5.903502E+00,5.818194E+00,2.167251E+05,6.503865E+04,5.903321E+00,5.816528E+00,2.167259E+05,6.501974E+04,5.903769E+00,5.819691E+00,2.167240E+05,6.505543E+04 
22:15:00,2.323548E+01,2.323548E+01,1.414911E+06,2.553553E+05,4.406919E+00,4.406919E+00,2.683568E+05,4.843154E+04,9.294192E+00,9.294192E+00,5.659646E+05,1.021421E+05,3.047893E-01,3.047893E-01,1.855997E+04,3.349600E+03,5.278792E+00,5.278792E+00,3.214490E+05,5.801332E+04,6.374203E+00,6.061069E+00,2.011393E+05,6.699244E+04,5.915992E+00,5.794760E+00,2.166712E+05,6.368376E+04,5.915813E+00,5.794760E+00,2.166720E+05,6.368376E+04,5.916267E+00,5.794760E+00,2.166700E+05,6.368376E+04 
22:30:00,2.323548E+01,2.323548E+01,1.414911E+06,2.509833E+05,4.406919E+00,4.406919E+00,2.683568E+05,4.760234E+04,9.294192E+00,9.294192E+00,5.659646E+05,1.003933E+05,3.047893E-01,3.047893E-01,1.855997E+04,3.292251E+03,5.278792E+00,5.278792E+00,3.214490E+05,5.702007E+04,6.410300E+00,6.016828E+00,2.010671E+05,6.550949E+04,5.928710E+00,5.794760E+00,2.166163E+05,6.259341E+04,5.928532E+00,5.794760E+00,2.166171E+05,6.259341E+04,5.928995E+00,5.794760E+00,2.166151E+05,6.259341E+04 
22:45:00,2.323548E+01,2.323548E+01,1.414911E+06,2.466114E+05,4.406919E+00,4.406919E+00,2.683568E+05,4.677313E+04,9.294192E+00,9.294192E+00,5.659646E+05,9.864454E+04,3.047893E-01,3.047893E-01,1.855997E+04,3.234902E+03,5.278792E+00,5.278792E+00,3.214490E+05,5.602681E+04,6.411737E+00,5.973647E+00,2.011530E+05,6.401431E+04,5.929843E+00,5.794760E+00,2.166115E+05,6.150307E+04,5.929667E+00,5.794760E+00,2.166123E+05,6.150307E+04,5.930141E+00,5.794760E+00,2.166102E+05,6.150307E+04 
23:00:00,2.323548E+01,2.323548E+01,1.414911E+06,2.422394E+05,4.406919E+00,4.406919E+00,2.683568E+05,4.594393E+04,9.294192E+00,9.294192E+00,5.659646E+05,9.689575E+04,3.047893E-01,3.047893E-01,1.855997E+04,3.177553E+03,5.278792E+00,5.278792E+00,3.214490E+05,5.503356E+04,6.413531E+00,5.932599E+00,2.012379E+05,6.252420E+04,5.931079E+00,5.794760E+00,2.166063E+05,6.041273E+04,5.930905E+00,5.794760E+00,2.166070E+05,6.041273E+04,5.931391E+00,5.794760E+00,2.166049E+05,6.041273E+04 
23:15:00,2.323548E+01,2.323548E+01,1.414911E+06,2.378674E+05,4.406919E+00,4.406919E+00,2.683568E+05,4.511472E+04,9.294192E+00,9.294192E+00,5.659646E+05,9.514695E+04,3.047893E-01,3.047893E-01,1.855997E+04,3.120204E+03,5.278792E+00,5.278792E+00,3.214490E+05,5.404030E+04,6.415523E+00,5.893443E+00,2.012487E+05,6.104124E+04,5.932303E+00,5.794760E+00,2.166011E+05,5.932239E+04,5.932130E+00,5.794760E+00,2.166018E+05,5.932239E+04,5.932628E+00,5.794760E+00,2.165997E+05,5.932239E+04 
23:30:00,2.323548E+01,2.323548E+01,1.414911E+06,2.334954E+05,4.406919E+00,4.406919E+00,2.683568E+05,4.428552E+04,9.294192E+00,9.294192E+00,5.659646E+05,9.339816E+04,3.047893E-01,3.047893E-01,1.855997E+04,3.062855E+03,5.278792E+00,5.278792E+00,3.214490E+05,5.304704E+04,6.417391E+00,5.855965E+00,2.013328E+05,5.957139E+04,5.933383E+00,5.794760E+00,2.165965E+05,5.823205E+04,5.933211E+00,5.794760E+00,2.165972E+05,5.823205E+04,5.933720E+00,5.794760E+00,2.165950E+05,5.823205E+04 
23:45:00,2.323548E+01,2.323548E+01,1.414911E+06,2.291234E+05,4.406919E+00,4.406919E+00,2.683568E+05,4.345631E+04,9.294192E+00,9.294192E+00,5.659646E+05,9.164937E+04,3.047893E-01,3.047893E-01,1.855997E+04,3.005506E+03,5.278792E+00,5.278792E+00,3.214490E+05,5.205379E+04,6.419275E+00,5.827646E+00,2.014180E+05,5.820689E+04,5.934366E+00,5.794760E+00,2.165923E+05,5.714171E+04,5.934195E+00,5.794760E+00,2.165930E+05,5.714171E+04,5.934715E+00,5.794760E+00,2.165908E+05,5.714171E+04 
24:00:00,2.323548E+01,2.323548E+01,1.414911E+06,2.247514E+05,4.406919E+00,4.406919E+00,2.683568E+05,4.262711E+04,9.294192E+00,9.294192E+00,5.659646E+05,8.990057E+04,3.047893E-01,3.047893E-01,1.855997E+04,2.948157E+03,5.278792E+00,5.278792E+00,3.214490E+05,5.106053E+04,6.421027E+00,5.802649E+00,2.015039E+05,5.688026E+04,5.935232E+00,5.794760E+00,2.165885E+05,5.605137E+04,5.935062E+00,5.794760E+00,2.165893E+05,5.605137E+04,5.935590E+00,5.794760E+00,2.165870E+05,5.605137E+04 
Coinc Peak   ,2.323548E+01,2.323548E+01,1.414911E+06,4.221152E+05,4.406919E+00,5.746434E+00,2.683568E+05,9.655145E+04,9.294192E+00,9.294192E+00,5.659646E+05,1.578537E+05,3.047893E-01,6.116278E-01,1.855997E+04,1.097982E+04,5.278792E+00,5.278792E+00,3.214490E+05,9.476381E+04,9.344779E+00,1.372378E+01,1.880662E+05,1.957176E+05,6.301048E+00,9.401213E+00,2.148945E+05,1.407741E+05,6.336673E+00,9.198043E+00,2.147414E+05,1.385055E+05,6.347151E+00,9.944586E+00,2.146962E+05,1.467633E+05 
NonCoinc Peak,2.323548E+01,2.323548E+01,1.414911E+06,4.221152E+05,4.406919E+00,5.746434E+00,2.683568E+05,9.655145E+04,9.294192E+00,9.294192E+00,5.659646E+05,1.578537E+05,3.047893E-01,6.116278E-01,1.855997E+04,1.097982E+04,5.278792E+00,5.278792E+00,3.214490E+05,9.476381E+04,9.418501E+00,1.442503E+01,1.880662E+05,1.957176E+05,6.329105E+00,9.427984E+00,2.148945E+05,1.407741E+05,6.364743E+00,9.224155E+00,2.147414E+05,1.385055E+05,6.375258E+00,9.969977E+00,2.146962E+05,1.467633E+05 
